Name,Join Date,First Activity,Last Active,Last Activity,Duration,Timezone,Worktime,Total Commits,Authored files,Commit Rate,Code Commits,Code Commit Rate,Other Commits,Other Commit Rate,Code Contribution,Code Contribution Rate,Code Contribution Density,Total Issues,Issue Participated,Issue Solved,Issue Contribution,Issue Contribution Rate,Issue Solving Ratio,Issue Solving Density,Total Pull Requests,PR Merged,PR Reviewed,PR Participated,PR Contribution,PR Contribution Rate,PR Approval Ratio,PR Approval Density,Followers,Collaborations,Languages,File Types
houseroad,2017-09-12 04:35:15,Commit 72dbfc698234b2aa0754b39fd2597e8a1d70aad8,2020-05-29 02:08:58,Reviewed PR 2803,990,-7,16,151,1595,0.15252525252525254,123,0.12424242424242424,28,0.028282828282828285,25698,25.957575757575757,170.18543046357615,39,333,0,39,0.03939393939393939,0.0,0.0,137,129,505,751,642,0.6484848484848484,0.9416058394160584,0.0009511170095111701,172,54,5,pb_1164 onnx_551 py_136 md_116 h_112 cc_103 json_22 ipynb_11 cpp_8 proto_7 sh_6 proto3_3 gitignore_2 txt_1
jcwchen,2019-09-18 16:13:56,Reviewed PR 2332,2022-04-30 00:00:00,pr comment,955,-7,14,130,402,0.13612565445026178,94,0.09842931937172775,36,0.03769633507853403,9144,9.574869109947644,70.33846153846154,15,494,1,16,0.016753926701570682,0.0020242914979757085,2.1196769612311083e-06,193,153,140,1659,333,0.3486910994764398,0.7927461139896373,0.0008301006429210862,92,35,4,pb_200 yml_127 py_86 md_81 cc_72 onnx_53 sh_32 h_32 txt_13 proto_5 VERSION_NUMBER_4 ipynb_3 proto3_3 pyi_3 cfg_2 in_2 CODEOWNERS_1 ps1_1 toml_1 cmake_1 yaml_1 pybind11_1
linkerzhang,2017-10-11 00:00:00,issue comment,2022-01-08 06:27:23,Reviewed PR 3927,1551,-7,16,112,146,0.07221147646679561,93,0.059961315280464215,19,0.012250161186331399,49738,32.06834300451322,444.0892857142857,19,245,0,19,0.012250161186331399,0.0,0.0,105,82,364,644,469,0.30238555770470665,0.780952380952381,0.0005035153971324184,63,47,4,cc_203 md_99 h_79 py_67 proto_46 proto3_31 pb_30 onnx_9 ipynb_4 VERSION_NUMBER_4 txt_4 sh_4 yml_2 gitignore_2 in_1 cfg_1 clang-format_1 yaml_1
gramalingam,2017-09-20 20:20:43,Commit 10b9cf854c9b677152a3e1779620d5f65b82fce0,2022-04-30 00:00:00,pr comment,1683,-7,13,70,224,0.041592394533571005,58,0.0344622697563874,12,0.0071301247771836,14430,8.57397504456328,206.14285714285714,10,140,0,10,0.0059417706476530005,0.0,0.0,76,72,433,603,509,0.3024361259655377,0.9473684210526315,0.0005629045876723895,11,39,3,cc_95 pb_88 h_56 md_54 py_49 onnx_42 proto_15 proto3_9 pyi_4 ipynb_2 pybind11_1
yuanbyu,2017-09-09 00:00:00,issue comment,2019-02-13 19:00:41,Reviewed PR 1812,523,-8,13,52,58,0.0994263862332696,43,0.08221797323135756,9,0.017208413001912046,19645,37.56214149139579,377.78846153846155,0,17,0,0,0.0,0.0,0.0,9,7,23,46,32,0.06118546845124283,0.7777777777777778,0.0014871468026343743,35,11,4,cc_71 py_45 md_26 h_11 proto_10 proto3_4 gitignore_2 sh_2 ipynb_2 yml_1 clang-format_1 cfg_1 VERSION_NUMBER_1 yaml_1
prasanthpul,2017-09-08 00:00:00,pr comment,2022-04-06 00:00:00,pr comment,1672,-7,11,52,69,0.03110047846889952,9,0.005382775119617225,43,0.025717703349282296,1103,0.659688995215311,21.21153846153846,6,399,1,7,0.004186602870813397,0.002506265664160401,1.4989627177992829e-06,51,48,67,504,118,0.07057416267942583,0.9411764705882353,0.0005629045876723895,67,23,3,md_49 cc_32 h_12 proto_7 proto3_4 py_3 CODEOWNERS_2 LICENSE_2 gitattributes_1 yml_1
askhade,2019-03-11 00:00:00,pr comment,2022-04-19 18:55:32,Reviewed PR 4150,1136,-7,13,48,210,0.04225352112676056,41,0.03609154929577465,7,0.006161971830985915,11199,9.858274647887324,233.3125,13,389,0,13,0.011443661971830986,0.0,0.0,61,51,289,414,350,0.30809859154929575,0.8360655737704918,0.0007359732163472639,24,48,4,pb_90 cc_78 md_47 onnx_31 h_30 py_30 yml_23 proto_12 proto3_8 cmake_5 sh_4 txt_4 pyi_3 clang-format_1 ipynb_1
smessmer,2018-02-06 21:14:29,Raise PR 513,2018-07-27 00:00:00,pr comment,171,-7,20,42,225,0.24561403508771928,36,0.21052631578947367,6,0.03508771929824561,11936,69.80116959064327,284.1904761904762,0,4,0,0,0.0,0.0,0.0,52,42,10,67,62,0.36257309941520466,0.8076923076923077,0.004723346828609987,58,16,4,py_314 pyi_55 h_17 pb_12 md_11 sh_6 cfg_5 cc_5 txt_4 gitignore_3 gitkeep_2 bat_1 yml_1 toml_1 onnx_1
ezyang,2017-09-07 07:46:33,Raise PR 1,2019-08-10 00:00:00,issue comment,702,-4,12,40,55,0.05698005698005698,31,0.04415954415954416,9,0.01282051282051282,16653,23.72222222222222,416.325,36,106,0,36,0.05128205128205128,0.0,0.0,28,24,46,121,74,0.10541310541310542,0.8571428571428571,0.001221001221001221,1786,24,4,py_86 cc_21 proto_19 md_17 proto3_14 h_12 in_7 sh_4 gitignore_3 yaml_3 ipynb_2 VERSION_NUMBER_1
anderspapitto,2017-11-27 05:37:53,Reviewed PR 319,2019-01-07 20:02:45,Reviewed PR 1719,407,-7,13,40,53,0.09828009828009827,32,0.07862407862407862,8,0.019656019656019656,4816,11.832923832923832,120.4,9,24,0,9,0.022113022113022112,0.0,0.0,50,41,50,158,100,0.2457002457002457,0.82,0.002014742014742015,129,19,4,h_32 cc_29 py_28 sh_19 md_12 onnx_6 txt_5 yml_5 travis/common_3 pyi_1 gitignore_1 cmake_1
Maratyszcza,2018-02-08 00:00:00,pr comment,2019-02-15 00:00:00,pr comment,373,-7,10,32,16,0.08579088471849866,30,0.08042895442359249,2,0.005361930294906166,4111,11.021447721179625,128.46875,0,4,1,1,0.002680965147453083,0.25,0.0006702412868632708,37,33,25,71,62,0.16621983914209115,0.8918918918918919,0.0023911310774581552,610,25,4,h_28 c_6 txt_5 cc_4 proto_2 md_2 proto3_1 py_1 benchmark_1 gitmodules_1
zrphercule,2018-05-30 00:00:00,pr comment,2019-09-27 00:00:00,pr comment,486,-7,14,32,101,0.06584362139917696,29,0.059670781893004114,3,0.006172839506172839,4454,9.164609053497943,139.1875,1,14,0,1,0.00205761316872428,0.0,0.0,41,32,44,104,85,0.1748971193415638,0.7804878048780488,0.0016059419853457794,116,28,5,pb_52 cc_36 h_22 onnx_21 md_16 py_13 cmake_9 c_5 txt_5 sh_3
wschin,2017-10-21 00:41:06,Raise Issue 133,2022-04-28 17:35:45,Commit 8dd0473f9b17444c214a6027273c55a94b2045c7,1651,-7,17,28,470,0.016959418534221685,26,0.015748031496062992,2,0.0012113870381586917,10979,6.6499091459721384,392.10714285714283,14,65,0,14,0.008479709267110842,0.0,0.0,33,30,128,225,161,0.09751665657177468,0.9090909090909091,0.0005506304718903143,49,31,4,pb_344 onnx_70 md_50 cc_35 py_33 h_29 proto_12 proto3_8 sh_2 yml_2 gitattributes_1 pyi_1 bat_1 ipynb_1
fumihwh,2018-02-22 00:00:00,pr comment,2020-10-06 00:00:00,pr comment,958,9,3,28,201,0.029227557411273485,26,0.027139874739039668,2,0.0020876826722338203,5704,5.954070981210856,203.71428571428572,15,39,1,16,0.016701461377870562,0.02564102564102564,2.676516246453616e-05,32,28,4,52,36,0.037578288100208766,0.875,0.0009133611691022964,25,27,3,pb_136 py_30 md_27 onnx_24 cc_17 h_14
daquexian,2018-07-22 00:00:00,pr comment,2022-03-23 17:43:33,Commit 7eb3e71dc97009d598fc4f6e23cd7511151c56bc,1341,8,6,26,278,0.019388516032811335,22,0.01640566741237882,4,0.002982848620432513,10897,8.126025354213274,419.11538461538464,8,40,2,10,0.007457121551081283,0.05,3.728560775540641e-05,28,26,2,89,30,0.02237136465324385,0.9285714285714286,0.0006924470011718334,921,26,4,pb_199 onnx_86 h_37 md_26 cc_23 py_19 ipynb_1 pyi_1 bat_1 in_1 gitignore_1 sh_1 txt_1
dzhulgakov,2017-09-23 22:10:05,Reviewed PR 51,2018-08-18 00:00:00,pr comment,329,-7,20,26,24,0.0790273556231003,18,0.0547112462006079,8,0.0243161094224924,1869,5.680851063829787,71.88461538461539,5,68,0,5,0.015197568389057751,0.0,0.0,21,21,86,150,107,0.3252279635258359,1.0,0.00303951367781155,274,14,4,md_15 py_15 cc_9 h_3 yml_1 sh_1 ipynb_1 cfg_1
neginraoof,2019-07-11 21:06:05,Raise PR 2163,2021-10-20 18:50:15,Commit be76ca7148396176784ba8733133b9fb1186ea0d,832,-7,13,25,470,0.030048076923076924,25,0.030048076923076924,0,0.0,17021,20.457932692307693,680.84,0,8,0,0,0.0,0.0,0.0,28,25,3,73,31,0.037259615384615384,0.8928571428571429,0.0010731456043956045,12,24,4,pb_294 onnx_120 py_81 md_60 cc_51 h_18 proto_5 proto3_3 pyi_1 sh_1
snnn,2018-03-29 16:21:04,Raise Issue 679,2022-03-22 00:00:00,issue comment,1454,-7,22,25,89,0.0171939477303989,17,0.011691884456671253,8,0.005502063273727648,922,0.6341127922971114,36.88,44,90,0,44,0.030261348005502064,0.0,0.0,33,26,30,164,63,0.04332874828060523,0.7878787878787878,0.0005418698678671168,193,28,3,pb_29 cc_28 onnx_12 h_10 py_6 md_5 txt_4 pybind11_2 yml_2 cmake_2 proto3_1 proto_1 benchmark_1
ebarsoum,2017-09-07 00:00:00,issue comment,2020-10-15 17:17:20,Reviewed PR 3059,1135,-7,10,23,16,0.02026431718061674,17,0.014977973568281937,6,0.0052863436123348016,1749,1.5409691629955946,76.04347826086956,1,129,0,1,0.000881057268722467,0.0,0.0,17,13,122,220,139,0.12246696035242291,0.7647058823529411,0.0006737496760818864,18,18,2,cc_24 md_18 pb_3 py_2
yinghai,2018-01-30 00:00:00,pr comment,2020-02-13 00:00:00,pr comment,745,-8,16,21,16,0.028187919463087248,9,0.012080536912751677,12,0.016107382550335572,793,1.0644295302013422,37.76190476190476,0,3,0,0,0.0,0.0,0.0,25,21,63,106,88,0.11812080536912752,0.84,0.0011275167785234899,64,14,4,txt_13 h_7 cc_3 py_2 c_1 cmake_1 md_1
BowenBao,2018-08-31 06:15:51,Raise Issue 1362,2021-08-27 00:00:00,pr comment,1092,-7,10,21,485,0.019230769230769232,21,0.019230769230769232,0,0.0,11172,10.23076923076923,532.0,3,13,0,3,0.0027472527472527475,0.0,0.0,22,21,11,48,33,0.03021978021978022,0.9545454545454546,0.0008741258741258741,56,26,3,onnx_321 pb_136 md_38 py_32 cc_30 h_15 yml_1
hariharans29,2019-02-11 18:23:29,Reviewed PR 1804,2022-04-08 00:00:00,pr comment,1152,-7,14,19,80,0.016493055555555556,17,0.014756944444444444,2,0.001736111111111111,4234,3.6753472222222223,222.8421052631579,15,20,0,15,0.013020833333333334,0.0,0.0,28,19,29,500,57,0.049479166666666664,0.6785714285714286,0.0005890376984126985,37,30,3,pb_34 cc_27 py_23 md_19 onnx_17 h_11 ipynb_1
marcelolr,2017-11-01 07:32:23,Commit 46fdd2d33083fbe0beb617693b55bda03b0f72d2,2017-11-22 23:45:39,Raise PR 313,22,-7,19,19,16,0.8636363636363636,6,0.2727272727272727,13,0.5909090909090909,432,19.636363636363637,22.736842105263158,0,0,0,0,0.0,0,0.0,12,9,11,26,23,1.0454545454545454,0.75,0.03409090909090909,11,9,2,py_9 yml_9 proto_8 md_6 proto3_6 cc_1
yuslepukhin,2018-09-12 00:00:00,pr comment,2021-05-20 22:45:22,Commit 5043596cbb9b849b987e2623dd605e5bd520e0b4,982,-7,15,18,102,0.018329938900203666,18,0.018329938900203666,0,0.0,3836,3.9063136456211813,213.11111111111111,6,31,0,6,0.006109979633401222,0.0,0.0,21,18,8,40,29,0.029531568228105907,0.8571428571428571,0.0008728542333430317,37,21,3,pb_38 onnx_29 py_21 cc_15 proto_12 md_8 h_7 proto3_7 ipynb_1
donbox,2017-09-23 22:10:05,Reviewed PR 51,2017-11-08 12:24:55,Commit a30709e647ba7683fe047cc188bdba3f28ac1d37,46,-7,15,18,42,0.391304347826087,6,0.13043478260869565,12,0.2608695652173913,3224,70.08695652173913,179.11111111111111,3,7,0,3,0.06521739130434782,0.0,0.0,10,6,2,18,12,0.2608695652173913,0.6,0.013043478260869565,27,13,4,py_31 proto_21 md_10 cc_8 proto3_3 h_1 yaml_1 cfg_1 ipynb_1 sh_1 gitignore_1
skottmckay,2018-04-24 17:24:02,Raise Issue 814,2022-02-11 06:58:23,Raise Issue 4009,1389,10,10,17,30,0.012239020878329733,17,0.012239020878329733,0,0.0,2089,1.503959683225342,122.88235294117646,5,28,0,5,0.003599712023038157,0.0,0.0,20,17,16,48,36,0.02591792656587473,0.85,0.0006119510439164867,26,21,3,cc_17 md_14 py_10 h_7 pb_3 cmake_1 txt_1 gitignore_1
garymm,2020-11-10 22:17:41,Reviewed PR 3105,2022-04-20 18:20:33,Reviewed PR 4153,526,-7,14,16,266,0.030418250950570342,7,0.013307984790874524,9,0.017110266159695818,9565,18.184410646387832,597.8125,6,24,1,7,0.013307984790874524,0.041666666666666664,7.921419518377693e-05,16,16,6,45,22,0.04182509505703422,1.0,0.0019011406844106464,9,13,3,py_453 md_18 ipynb_7 proto_6 cc_4 proto3_4 yml_1 onnx_1 h_1 gitignore_1
shinh,2018-08-17 00:00:00,pr comment,2021-12-15 23:46:57,Commit e2072611aaac0f86414f4b5cc69d8496a86cc5fd,1217,9,8,14,30,0.011503697617091208,14,0.011503697617091208,0,0.0,470,0.3861955628594905,33.57142857142857,1,10,1,2,0.0016433853738701725,0.1,8.216926869350864e-05,17,14,3,30,20,0.016433853738701727,0.8235294117647058,0.0006766880951230122,431,19,3,py_11 cc_10 md_9 pb_8 sh_2 yml_2 txt_1 onnx_1
codemzs,2018-01-23 18:02:29,Reviewed PR 443,2020-05-15 17:58:24,Commit 93e3e22aae34b387ff18a87fb2cbedace7d0dfe5,843,-7,10,14,557,0.0166073546856465,13,0.01542111506524318,1,0.0011862396204033216,6410,7.603795966785291,457.85714285714283,2,3,0,2,0.002372479240806643,0.0,0.0,16,14,4,31,20,0.02372479240806643,0.875,0.0010379596678529062,47,19,3,pb_401 onnx_216 md_30 py_21 cc_15 h_6
liqunfu,2018-03-19 17:21:20,Raise Issue 626,2022-04-20 18:20:33,Raise PR 4153,1494,-7,14,14,369,0.009370816599732263,13,0.008701472556894244,1,0.0006693440428380187,6985,4.675368139223561,498.92857142857144,6,20,1,7,0.004685408299866131,0.05,3.346720214190094e-05,28,18,16,83,44,0.029451137884872823,0.6428571428571429,0.0004302925989672978,22,28,3,pb_220 onnx_96 py_32 md_22 cc_16 h_10 txt_3 VERSION_NUMBER_1
Ac2zoom,2018-05-24 21:50:36,Reviewed PR 1028,2019-04-03 00:00:00,pr comment,314,-7,10,13,367,0.041401273885350316,12,0.03821656050955414,1,0.0031847133757961785,3867,12.315286624203821,297.46153846153845,2,10,0,2,0.006369426751592357,0.0,0.0,17,13,1,606,18,0.05732484076433121,0.7647058823529411,0.0024353690520794303,123,9,3,onnx_286 h_42 pb_26 py_25 md_10 cc_10 gitignore_1 ipynb_1 pyi_1
vinitra,2019-02-11 22:29:59,Commit ad9d2f7f4e3376c0b7ac636cc630f93c716f7bc8,2020-09-11 20:25:21,Commit 406535191bad131533e3116e5c28883789a341f0,578,-7,14,12,45,0.020761245674740483,4,0.006920415224913495,8,0.01384083044982699,1709,2.9567474048442905,142.41666666666666,0,0,0,0,0.0,0,0.0,0,0,0,0,0,0.0,0,0.0,26,0,4,yml_10 sh_8 py_8 pb_7 md_7 cc_4 h_4 onnx_2 proto_2 proto3_1 txt_1
take-cheeze,2019-05-30 04:59:13,Raise PR 2069,2021-07-14 16:21:20,Commit 2e5caf717817953f312e46e697557a51468715d7,777,9,10,12,30,0.015444015444015444,11,0.014157014157014158,1,0.001287001287001287,145,0.1866151866151866,12.083333333333334,0,1,0,0,0.0,0.0,0.0,13,12,0,16,13,0.01673101673101673,0.9230769230769231,0.0011880011880011881,179,16,3,onnx_15 md_8 cc_7 py_3 h_2 pb_1
spandantiwari,2018-01-23 00:00:00,pr comment,2021-04-19 00:00:00,issue comment,1183,-7,15,11,88,0.009298393913778529,11,0.009298393913778529,0,0.0,2752,2.326289095519865,250.1818181818182,0,65,0,0,0.0,0.0,0.0,15,12,43,94,58,0.04902789518174133,0.8,0.000676246830092984,19,14,3,pb_66 md_24 onnx_14 py_11 cc_11 h_5
tianleiwu,2018-01-23 00:00:00,issue comment,2022-01-19 00:00:00,issue comment,1458,-8,17,10,322,0.006858710562414266,10,0.006858710562414266,0,0.0,3225,2.211934156378601,322.5,2,8,0,2,0.0013717421124828531,0.0,0.0,8,7,1,11,9,0.006172839506172839,0.875,0.0006001371742112483,14,9,3,pb_287 py_43 md_14 cc_5 h_2
pk-g,2018-02-05 07:38:34,Raise PR 506,2019-04-05 16:56:14,Commit bdb28f296e7f3e3de933d333e96740584b5a5ada,425,-8,11,9,190,0.021176470588235293,9,0.021176470588235293,0,0.0,3056,7.1905882352941175,339.55555555555554,1,3,0,1,0.002352941176470588,0.0,0.0,11,9,2,23,13,0.03058823529411765,0.8181818181818182,0.0019251336898395723,2,14,3,pb_148 onnx_18 md_13 py_12 h_8 cc_4
jspisak,2018-03-07 23:59:07,Reviewed PR 591,2020-08-17 16:16:31,Commit 52c9aa0c575cfbd79268250cf3ee0a8ba0012828,894,-7,9,9,9,0.010067114093959731,0,0.0,9,0.010067114093959731,374,0.41834451901565994,41.55555555555556,1,12,0,1,0.0011185682326621924,0.0,0.0,11,9,20,47,31,0.03467561521252797,0.8181818181818182,0.0009151921903599756,72,12,0,md_9
postrational,2017-10-09 00:00:00,issue comment,2022-04-28 00:00:00,pr comment,1663,1,17,9,28,0.005411906193625977,7,0.004209260372820205,2,0.0012026458208057728,875,0.5261575466025256,97.22222222222223,4,34,0,4,0.0024052916416115455,0.0,0.0,16,10,51,142,67,0.04028863499699339,0.625,0.000375826819001804,257,21,3,py_9 md_7 cc_4 proto_3 h_2 proto3_2 pyi_1 Implementing_1 an_1 ONNX_1
matteosal,2019-10-23 17:17:28,Raise Issue 2414,2022-01-05 23:40:27,Commit a1d7ef3e9af0bc3bca9e0913979f343340f4895f,806,2,20,8,102,0.009925558312655087,8,0.009925558312655087,0,0.0,4492,5.573200992555831,561.5,10,12,0,10,0.01240694789081886,0.0,0.0,10,8,1,16,11,0.013647642679900745,0.8,0.0009925558312655087,3,20,3,h_67 pb_24 onnx_12 py_9 cc_7 md_7
pranavsharma,2018-04-24 00:00:00,pr comment,2021-03-25 00:00:00,pr comment,1067,-7,21,8,23,0.007497656982193065,7,0.006560449859418931,1,0.0009372071227741331,1712,1.6044985941893157,214.0,7,13,0,7,0.006560449859418931,0.0,0.0,8,8,6,19,14,0.013120899718837863,1.0,0.0009372071227741331,24,18,3,cc_15 md_8 h_4 py_3
fdwr,2018-04-24 00:41:39,Reviewed PR 809,2022-04-21 00:00:00,pr comment,1458,-7,8,8,16,0.0054869684499314125,2,0.0013717421124828531,6,0.00411522633744856,436,0.299039780521262,54.5,3,13,0,3,0.00205761316872428,0.0,0.0,10,8,17,37,27,0.018518518518518517,0.8,0.0005486968449931413,21,23,2,md_10 pb_5 cc_2 onnx_1 py_1
xuzijian629,2021-04-08 05:57:26,Raise PR 3410,2022-04-29 00:00:00,issue comment,386,9,6,8,20,0.02072538860103627,7,0.018134715025906734,1,0.0025906735751295338,315,0.8160621761658031,39.375,5,5,0,5,0.012953367875647668,0.0,0.0,12,9,1,13,13,0.03367875647668394,0.75,0.0019430051813471502,66,13,4,cc_8 md_6 h_3 yml_3 py_3 sh_1
ArmenAg,2018-08-27 00:00:00,issue comment,2019-03-11 00:00:00,issue comment,197,-7,22,8,44,0.04060913705583756,7,0.03553299492385787,1,0.005076142131979695,3684,18.700507614213198,460.5,12,19,0,12,0.06091370558375635,0.0,0.0,10,8,2,15,12,0.06091370558375635,0.8,0.0040609137055837565,35,11,3,h_43 cc_10 py_8 ipynb_7 md_2 pyi_1
tjingrant,2017-10-20 19:26:40,Raise PR 130,2019-12-17 00:00:00,issue comment,788,-4,16,7,18,0.008883248730964468,7,0.008883248730964468,0,0.0,347,0.4403553299492386,49.57142857142857,12,24,0,12,0.015228426395939087,0.0,0.0,9,7,3,18,12,0.015228426395939087,0.7777777777777778,0.0009870276367738298,74,22,2,md_7 cc_5 py_4 proto_3 pb_3 proto3_2
rwilliams58,2017-11-16 23:20:49,Raise PR 281,2017-12-03 19:28:35,Commit 9da0a7692b4c65001705deb2a531c3190ddd10d1,17,-8,11,7,12,0.4117647058823529,0,0.0,7,0.4117647058823529,242,14.235294117647058,34.57142857142857,0,0,0,0,0.0,0,0.0,7,7,0,7,7,0.4117647058823529,1.0,0.058823529411764705,0,6,0,md_7 ONNX_2 Implementing_1 an_1 Backend_1
SherlockNoMad,2017-11-07 00:00:00,pr comment,2021-04-09 17:30:08,Reviewed PR 3415,1250,-8,7,7,13,0.0056,7,0.0056,0,0.0,1727,1.3816,246.71428571428572,1,3,0,1,0.0008,0.0,0.0,12,7,14,32,26,0.0208,0.5833333333333334,0.0004666666666666667,29,19,2,cc_12 md_9 h_3
lara-hdr,2019-03-12 18:20:01,Raise PR 1860,2020-04-04 21:18:48,Commit f11f50fdb5f069eaf74af56f54edb0213559b833,390,-7,14,7,391,0.017948717948717947,7,0.017948717948717947,0,0.0,6371,16.335897435897436,910.1428571428571,1,4,0,1,0.002564102564102564,0.0,0.0,11,7,10,27,21,0.05384615384615385,0.6363636363636364,0.0016317016317016317,90,19,3,pb_269 onnx_110 md_19 py_17 cc_10 h_7
KsenijaS,2019-05-02 18:28:05,Raise PR 1990,2020-05-29 17:25:48,Commit b6efcec714c4b9fb4e83945bf2f01fa746182126,393,-7,13,7,658,0.017811704834605598,7,0.017811704834605598,0,0.0,6346,16.147582697201017,906.5714285714286,0,1,0,0,0.0,0.0,0.0,10,7,1,20,11,0.027989821882951654,0.7,0.0017811704834605597,17,18,3,onnx_358 pb_285 md_12 py_11 h_7 cc_3
HectorSVC,2018-08-15 19:43:17,Reviewed PR 1295,2021-06-09 00:00:00,issue comment,1029,-7,15,6,72,0.0058309037900874635,6,0.0058309037900874635,0,0.0,2541,2.4693877551020407,423.5,2,4,0,2,0.001943634596695821,0.0,0.0,8,6,1,12,9,0.008746355685131196,0.75,0.0007288629737609329,6,16,3,pb_54 md_12 onnx_9 cc_7 py_4 h_2
anirudhacharya,2018-02-08 19:52:35,Raise Issue 523,2019-08-22 00:00:00,issue comment,560,-7,14,6,63,0.010714285714285714,5,0.008928571428571428,1,0.0017857142857142857,514,0.9178571428571428,85.66666666666667,6,15,0,6,0.010714285714285714,0.0,0.0,9,6,11,25,20,0.03571428571428571,0.6666666666666666,0.0011904761904761904,65,23,2,pb_44 onnx_13 md_6 py_4 cc_1 VERSION_NUMBER_1
kit1980,2018-04-23 22:29:52,Raise Issue 807,2019-11-21 00:00:00,pr comment,577,-8,23,6,60,0.010398613518197574,4,0.006932409012131715,2,0.0034662045060658577,1465,2.538994800693241,244.16666666666666,10,15,0,10,0.01733102253032929,0.0,0.0,7,6,0,8,7,0.012131715771230503,0.8571428571428571,0.0014855162168853676,47,19,3,pb_26 py_14 onnx_12 md_10 cc_3 h_3 txt_1
chinhuang007,2018-08-24 00:00:00,pr comment,2021-02-22 23:11:23,Commit 722f5a477bcc2fe7d55b84c23cce3b17605e8788,914,-8,17,6,7,0.006564551422319475,1,0.0010940919037199124,5,0.005470459518599562,55,0.060175054704595186,9.166666666666666,4,18,1,5,0.005470459518599562,0.05555555555555555,6.0782883539995136e-05,20,13,6,75,26,0.028446389496717725,0.65,0.0007111597374179432,23,26,1,md_7 cc_1 VERSION_NUMBER_1
jeffsaremi,2018-09-10 16:53:43,Raise Issue 1400,2019-07-09 17:30:26,Commit 0f1a9a1c8384115757b35b3158a1592f31fb9d64,303,-7,11,5,103,0.0165016501650165,5,0.0165016501650165,0,0.0,2126,7.016501650165017,425.2,7,8,0,7,0.0231023102310231,0.0,0.0,9,5,0,12,9,0.0297029702970297,0.5555555555555556,0.0018335166850018336,6,17,3,pb_76 onnx_27 md_13 py_5 h_3 cc_3
TMVector,2018-02-23 16:24:58,Raise Issue 553,2021-02-24 00:00:00,issue comment,1097,0,9,5,179,0.004557885141294439,4,0.0036463081130355514,1,0.0009115770282588879,1118,1.0191431175934367,223.6,6,44,0,6,0.0054694621695533276,0.0,0.0,8,5,11,23,19,0.01731996353691887,0.625,0.0005697356426618049,6,12,3,pb_117 onnx_47 md_9 py_8 cc_7 h_2
lutzroeder,2017-11-15 00:00:00,pr comment,2021-07-24 00:00:00,issue comment,1348,-7,15,5,10,0.00370919881305638,3,0.002225519287833828,2,0.001483679525222552,48,0.03560830860534125,9.6,6,9,3,9,0.0066765578635014835,0.3333333333333333,0.0002472799208704253,10,5,1,13,11,0.008160237388724036,0.5,0.000370919881305638,1022,20,2,py_3 proto_3 proto3_2 md_2 cc_1
JamesAllingham,2018-08-08 08:39:47,Raise Issue 1271,2019-10-22 00:00:00,pr comment,440,2,1,5,120,0.011363636363636364,5,0.011363636363636364,0,0.0,3119,7.088636363636364,623.8,3,3,0,3,0.006818181818181818,0.0,0.0,7,5,0,18,7,0.015909090909090907,0.7142857142857143,0.0016233766233766235,46,14,3,pb_79 onnx_29 md_11 py_5 cc_4 h_2
brettkoonce,2017-09-20 00:00:00,pr comment,2018-03-02 00:00:00,pr comment,164,-7,13,4,11,0.024390243902439025,3,0.018292682926829267,1,0.006097560975609756,48,0.2926829268292683,12.0,0,0,0,0,0.0,0,0.0,5,4,1,6,6,0.036585365853658534,0.8,0.004878048780487805,57,6,1,md_7 cc_6
ffk0716,2018-04-26 15:31:42,Raise PR 832,2018-05-18 18:42:29,Commit a75fa2c4027436d6c4d29737f29532f10beef09a,23,8,2,4,1,0.17391304347826086,0,0.0,4,0.17391304347826086,43,1.8695652173913044,10.75,1,1,0,1,0.043478260869565216,0.0,0.0,4,4,0,4,4,0.17391304347826086,1.0,0.043478260869565216,6,11,0,txt_4
jaliyae,2018-04-26 22:49:26,Raise PR 836,2018-05-17 03:58:30,Commit 13196bf40bfc351c906094aa1ea29ac7d2f44ce0,21,-7,20,4,5,0.19047619047619047,4,0.19047619047619047,0,0.0,521,24.80952380952381,130.25,0,1,0,0,0.0,0.0,0.0,4,4,0,4,4,0.19047619047619047,1.0,0.047619047619047616,5,9,2,cc_4 py_3 md_2
TomWildenhain-Microsoft,2020-08-05 00:00:00,issue comment,2021-10-28 18:46:33,Commit 6af1ed14b2f74eb6b5a52e12e2ebffa65a34001b,450,-7,11,4,12,0.008888888888888889,3,0.006666666666666667,1,0.0022222222222222222,188,0.4177777777777778,47.0,5,7,0,5,0.011111111111111112,0.0,0.0,4,4,3,7,7,0.015555555555555555,1.0,0.0022222222222222222,9,7,2,cc_4 py_4 md_4
annajung,2020-11-03 00:00:00,issue comment,2021-12-14 00:00:00,issue comment,407,-5,12,4,15,0.009828009828009828,2,0.004914004914004914,2,0.004914004914004914,321,0.7886977886977887,80.25,2,7,0,2,0.004914004914004914,0.0,0.0,6,4,1,8,7,0.0171990171990172,0.6666666666666666,0.0016380016380016379,67,4,2,md_7 py_4 yml_3 cc_1
NiklasGustafsson,2017-09-29 04:39:31,Reviewed PR 67,2018-09-11 00:00:00,issue comment,347,-7,12,4,15,0.011527377521613832,2,0.005763688760806916,2,0.005763688760806916,5426,15.636887608069165,1356.5,6,11,0,6,0.01729106628242075,0.0,0.0,5,4,7,16,12,0.0345821325648415,0.8,0.0023054755043227667,41,14,2,md_11 proto_6 proto3_4 cc_1 py_1
jantonguirao,2021-09-29 08:53:24,Raise PR 3749,2022-04-15 23:37:58,Commit fb1f72159f4030ce45503279e6f6b8a7fb103e0f,199,2,1,4,63,0.020100502512562814,3,0.01507537688442211,1,0.005025125628140704,3404,17.105527638190956,851.0,2,2,0,2,0.010050251256281407,0.0,0.0,5,5,0,5,5,0.02512562814070352,1.0,0.005025125628140704,6,9,3,pb_36 onnx_24 md_7 py_7 h_3 cc_2
autoih,2019-09-11 21:12:17,Raise PR 2304,2019-12-05 23:55:26,Commit 59b9f908fc3698c15dc818653054f4885e402488,86,-7,15,4,6,0.046511627906976744,2,0.023255813953488372,2,0.023255813953488372,18,0.20930232558139536,4.5,0,0,0,0,0.0,0,0.0,6,4,0,6,6,0.06976744186046512,0.6666666666666666,0.007751937984496124,43,6,1,py_4 md_2
varunjain99,2018-06-11 00:00:00,pr comment,2018-08-02 20:56:21,Commit 4695828eac9b31c97fc211b43609c4ba3a9cd9e7,53,-7,13,4,13,0.07547169811320754,4,0.07547169811320754,0,0.0,773,14.584905660377359,193.25,0,0,0,0,0.0,0,0.0,4,4,0,12,4,0.07547169811320754,1.0,0.018867924528301886,6,8,3,h_8 cc_5 py_2
RyanUnderhill,2018-04-24 01:52:22,Raise PR 810,2019-04-24 00:00:00,pr comment,365,-7,22,4,10,0.010958904109589041,4,0.010958904109589041,0,0.0,87,0.23835616438356164,21.75,0,0,0,0,0.0,0,0.0,5,4,1,7,6,0.01643835616438356,0.8,0.0021917808219178085,7,7,3,cc_4 h_3 md_2 py_1 pyi_1
mhamilton723,2021-08-17 21:50:24,Raise PR 3663,2022-02-11 00:12:44,Reviewed PR 4006,178,0,18,4,9,0.02247191011235955,3,0.016853932584269662,1,0.0056179775280898875,575,3.230337078651685,143.75,0,0,0,0,0.0,0,0.0,4,4,1,36,5,0.028089887640449437,1.0,0.0056179775280898875,134,6,1,py_5 txt_3 svg_1 md_1 yml_1
rajeevnalawadi,2019-09-16 05:31:09,Reviewed PR 2314,2021-08-17 21:50:24,Reviewed PR 3663,702,-7,15,3,5,0.004273504273504274,3,0.004273504273504274,0,0.0,913,1.3005698005698005,304.3333333333333,0,1,0,0,0.0,0.0,0.0,6,3,2,8,8,0.011396011396011397,0.5,0.0007122507122507123,0,4,1,md_6 cc_3
jeremycochoy,2020-01-29 00:00:00,issue comment,2020-06-15 00:00:00,pr comment,139,2,7,3,46,0.02158273381294964,3,0.02158273381294964,0,0.0,1209,8.697841726618705,403.0,0,4,0,0,0.0,0.0,0.0,4,3,1,8,5,0.03597122302158273,0.75,0.00539568345323741,24,15,3,pb_24 onnx_8 md_8 py_6 cc_5 h_4
souptc,2018-05-01 23:40:53,Raise PR 868,2020-05-31 17:58:18,Commit a82c6a7010e2e332d8f74ad5b0c726fd47c85376,761,-7,10,3,27,0.003942181340341655,3,0.003942181340341655,0,0.0,9280,12.194480946123521,3093.3333333333335,1,1,0,1,0.001314060446780552,0.0,0.0,4,3,0,8,4,0.005256241787122208,0.75,0.0009855453350854138,19,12,3,cc_14 pb_4 py_3 md_3 h_2 onnx_2
zhenhuaw-me,2020-09-03 09:44:54,Raise PR 2994,2021-09-02 04:37:58,Commit f457c865889cf94f03a2ef38b8ef9f305948c05f,364,8,12,3,7,0.008241758241758242,3,0.008241758241758242,0,0.0,319,0.8763736263736264,106.33333333333333,0,2,0,0,0.0,0.0,0.0,5,4,0,7,5,0.013736263736263736,0.8,0.002197802197802198,156,7,2,py_4 md_3 cc_1
ashbhandare,2020-08-12 00:52:37,Raise PR 2955,2021-05-19 00:00:00,issue comment,280,-7,9,3,227,0.010714285714285714,3,0.010714285714285714,0,0.0,2807,10.025,935.6666666666666,0,1,0,0,0.0,0.0,0.0,4,4,0,4,4,0.014285714285714285,1.0,0.0035714285714285713,7,9,3,onnx_235 pb_112 h_10 py_9 cc_7 md_5
jerryzh168,2017-09-15 21:43:26,Reviewed PR 30,2017-10-12 00:00:00,issue comment,27,-7,21,3,1,0.1111111111111111,3,0.1111111111111111,0,0.0,9,0.3333333333333333,3.0,1,2,0,1,0.037037037037037035,0.0,0.0,2,2,5,7,7,0.25925925925925924,1.0,0.037037037037037035,97,7,1,py_3
kevinch-nv,2019-09-21 00:57:12,Reviewed PR 2344,2022-02-07 18:35:52,Commit 5cf5feef5ec3fd5527b2fdb6c29780e3b705059f,871,-7,10,3,21,0.003444316877152698,2,0.002296211251435132,1,0.001148105625717566,539,0.618828932261768,179.66666666666666,1,4,0,1,0.001148105625717566,0.0,0.0,4,4,7,21,11,0.012629161882893225,1.0,0.001148105625717566,68,24,3,pb_8 md_4 py_3 cc_2 onnx_2 h_1 VERSION_NUMBER_1
rdzhabarov,2018-03-14 01:32:24,Reviewed PR 612,2019-02-15 00:00:00,pr comment,338,-8,12,3,5,0.008875739644970414,2,0.005917159763313609,1,0.0029585798816568047,8,0.023668639053254437,2.6666666666666665,0,0,0,0,0.0,0,0.0,3,3,22,30,25,0.07396449704142012,1.0,0.0029585798816568047,13,9,1,cc_2 md_2 txt_1
Yangqing,2017-09-07 00:00:00,issue comment,2018-05-04 05:15:10,Reviewed PR 884,240,-7,11,3,4,0.0125,3,0.0125,0,0.0,54,0.225,18.0,0,11,0,0,0.0,0.0,0.0,1,1,4,12,5,0.020833333333333332,1.0,0.004166666666666667,6446,5,2,md_2 cc_2 py_2
pliniosilveira,2018-07-16 00:00:00,issue comment,2018-08-09 13:32:36,Commit 4b51596acb67d0c2a6b19931fac48c5ec4a17799,25,-3,10,3,9,0.12,2,0.08,1,0.04,89,3.56,29.666666666666668,0,1,0,0,0.0,0.0,0.0,3,3,0,3,3,0.12,1.0,0.04,2,4,3,md_3 h_2 py_2 cc_2 ipynb_1 pyi_1
marload,2020-04-08 13:53:39,Raise PR 2714,2020-05-06 19:04:55,Commit 6801d7e46f4768ae2a304615edb69ff1a388c624,29,9,4,3,4,0.10344827586206896,3,0.10344827586206896,0,0.0,62,2.1379310344827585,20.666666666666668,0,0,0,0,0.0,0,0.0,4,3,0,4,4,0.13793103448275862,0.75,0.02586206896551724,143,4,1,py_4
rajeevsrao,2021-04-22 15:48:41,Reviewed PR 3448,2021-08-11 20:11:19,Reviewed PR 3644,112,-7,15,3,6,0.026785714285714284,3,0.026785714285714284,0,0.0,33,0.29464285714285715,11.0,0,3,0,0,0.0,0.0,0.0,6,6,5,13,11,0.09821428571428571,1.0,0.008928571428571428,78,4,2,py_4 h_3 VERSION_NUMBER_2 md_2
jeffbloo,2018-05-04 22:41:36,Raise PR 894,2018-10-03 00:00:00,pr comment,152,-7,8,3,29,0.019736842105263157,3,0.019736842105263157,0,0.0,11297,74.32236842105263,3765.6666666666665,0,0,0,0,0.0,0,0.0,3,3,1,5,4,0.02631578947368421,1.0,0.006578947368421052,2,11,2,cc_20 h_9 md_2
chudegao,2021-07-08 00:00:00,issue comment,2021-11-25 00:00:00,pr comment,141,8,1,3,5,0.02127659574468085,2,0.014184397163120567,1,0.0070921985815602835,36,0.2553191489361702,12.0,2,2,0,2,0.014184397163120567,0.0,0.0,4,3,0,4,4,0.028368794326241134,0.75,0.005319148936170213,5,6,2,py_3 pb_1 cc_1 md_1
guoyuhong,2018-01-15 00:00:00,issue comment,2018-01-30 05:33:47,Commit 6620bee6bc123d8c328617e7440726d09d94636f,16,-8,21,3,168,0.1875,2,0.125,1,0.0625,1042,65.125,347.3333333333333,0,2,0,0,0.0,0.0,0.0,6,4,0,7,6,0.375,0.6666666666666666,0.041666666666666664,23,7,2,pb_178 py_7 md_3 h_1
hlu1,2018-02-22 00:00:00,pr comment,2018-04-20 23:38:55,Commit 48906190e65a2a31567a88cf4d53c93fb8176e79,58,-7,16,3,4,0.05172413793103448,3,0.05172413793103448,0,0.0,30,0.5172413793103449,10.0,0,0,0,0,0.0,0,0.0,4,3,2,7,6,0.10344827586206896,0.75,0.01293103448275862,32,8,2,h_4 cc_2
bddppq,2017-09-07 07:46:33,Reviewed PR 1,2020-03-26 00:00:00,pr comment,931,-8,12,2,3,0.0021482277121374865,1,0.0010741138560687433,1,0.0010741138560687433,18,0.01933404940923738,9.0,0,189,0,0,0.0,0.0,0.0,150,140,371,668,521,0.5596133190118152,0.9333333333333333,0.0010025062656641604,239,45,1,yml_2 sh_1
vloncar,2018-10-23 17:29:41,Raise PR 1542,2018-12-04 18:54:31,Commit f85221facef470b6e4fb0c6f80248e53030c1751,43,1,19,2,6,0.046511627906976744,2,0.046511627906976744,0,0.0,462,10.744186046511627,231.0,0,1,0,0,0.0,0.0,0.0,2,2,0,2,2,0.046511627906976744,1.0,0.023255813953488372,11,9,2,h_6 ipynb_2 py_2
one-hello,2019-05-08 15:17:30,Raise Issue 2011,2019-05-15 03:12:10,Commit 6c9136699dc42c991be488cff633cb3b7761f531,7,8,11,2,1,0.2857142857142857,2,0.2857142857142857,0,0.0,4,0.5714285714285714,2.0,1,1,0,1,0.14285714285714285,0.0,0.0,3,2,0,3,3,0.42857142857142855,0.6666666666666666,0.09523809523809523,0,5,1,h_2
yufenglee,2018-03-29 14:58:01,Reviewed PR 678,2021-09-27 00:00:00,issue comment,1278,-7,9,2,4,0.001564945226917058,2,0.001564945226917058,0,0.0,20,0.01564945226917058,10.0,1,8,0,1,0.000782472613458529,0.0,0.0,3,2,8,16,11,0.008607198748043818,0.6666666666666666,0.0005216484089723526,21,9,2,cc_2 md_2 py_1
diyessi,2019-03-18 18:54:03,Reviewed PR 1872,2022-04-12 21:05:09,Commit 50ba2e5d6404fa0618a261684cc4095376d0af2b,1122,-7,14,2,3,0.0017825311942959,2,0.0017825311942959,0,0.0,172,0.1532976827094474,86.0,0,1,0,0,0.0,0.0,0.0,2,2,1,5,3,0.00267379679144385,1.0,0.00089126559714795,14,4,1,md_4 cc_2
hwangdeyu,2021-04-16 14:02:51,Raise PR 3431,2021-11-15 17:30:19,Commit bc4c4c48f664d4d08cabd30a57063588d7537408,214,8,1,2,60,0.009345794392523364,2,0.009345794392523364,0,0.0,1941,9.070093457943925,970.5,0,1,0,0,0.0,0.0,0.0,2,2,0,18,2,0.009345794392523364,1.0,0.004672897196261682,18,4,3,pb_36 onnx_14 md_6 py_5 h_2 cc_2
liuyu21,2021-09-15 08:32:35,Raise PR 3719,2021-11-03 22:58:02,Commit 1faae95520649c93ae8d0b403816938a190f4fa7,50,8,6,2,1,0.04,2,0.04,0,0.0,23,0.46,11.5,0,0,0,0,0.0,0,0.0,2,2,0,2,2,0.04,1.0,0.02,0,3,1,h_2
peterjc123,2018-06-23 00:00:00,pr comment,2018-10-10 05:38:12,Commit 0c8deadab9a593c620967c40e52726b0c68fbe64,110,8,13,2,1,0.01818181818181818,0,0.0,2,0.01818181818181818,65,0.5909090909090909,32.5,0,0,0,0,0.0,0,0.0,4,2,0,6,4,0.03636363636363636,0.5,0.004545454545454545,283,8,0,txt_2
stillmatic,2021-07-23 23:52:16,Raise PR 3604,2022-01-26 21:35:24,Raise PR 3974,187,-8,15,2,63,0.0106951871657754,2,0.0106951871657754,0,0.0,8448,45.1764705882353,4224.0,1,1,0,1,0.0053475935828877,0.0,0.0,4,2,0,4,4,0.0213903743315508,0.5,0.00267379679144385,44,4,1,pyi_46 py_15 md_2 txt_2 gitkeep_1
nbcsm,2019-01-29 06:58:25,Raise Issue 1775,2019-04-24 00:00:00,pr comment,85,8,0,2,16,0.023529411764705882,2,0.023529411764705882,0,0.0,427,5.023529411764706,213.5,1,1,0,1,0.011764705882352941,0.0,0.0,2,2,0,2,2,0.023529411764705882,1.0,0.011764705882352941,15,6,3,pb_6 md_5 py_2 cc_2 onnx_2 h_1
natke,2020-04-14 17:06:03,Raise PR 2721,2020-06-26 19:33:26,Commit 62d4aebfa7cb719a33267d75364a15eb7d7dcafd,74,-7,12,2,4,0.02702702702702703,1,0.013513513513513514,1,0.013513513513513514,649,8.77027027027027,324.5,0,0,0,0,0.0,0,0.0,2,2,0,2,2,0.02702702702702703,1.0,0.013513513513513514,11,6,1,md_3 py_1
xkszltl,2019-01-21 20:28:38,Raise Issue 1755,2022-04-20 20:39:00,Commit 61ce4dfbe7be3a89fa5d32bf0ac9d64a872601c9,1186,8,4,2,2,0.0016863406408094434,0,0.0,2,0.0016863406408094434,4,0.003372681281618887,2.0,5,6,1,6,0.00505902192242833,0.16666666666666666,0.0001405283867341203,2,2,1,3,3,0.002529510961214165,1.0,0.0008431703204047217,19,10,0,benchmark_1 txt_1
guoyu-wang,2020-09-03 00:00:00,pr comment,2021-08-23 20:40:34,Commit c4de8b7487603c4496cf6d18b3836be111d0eb90,355,-7,13,2,6,0.005633802816901409,1,0.0028169014084507044,1,0.0028169014084507044,85,0.23943661971830985,42.5,0,0,0,0,0.0,0,0.0,3,2,1,4,4,0.011267605633802818,0.6666666666666666,0.0018779342723004694,11,3,2,cc_4 txt_1 h_1
jiafatom,2019-04-09 17:17:02,Raise Issue 1920,2021-10-07 23:49:42,Raise Issue 3764,913,-7,7,2,33,0.002190580503833516,2,0.002190580503833516,0,0.0,1320,1.4457831325301205,660.0,6,11,0,6,0.0065717415115005475,0.0,0.0,5,2,2,9,7,0.007667031763417305,0.4,0.0004381161007667032,9,17,3,pb_14 md_6 py_5 onnx_4 h_4 cc_3
ryanloney,2019-09-02 20:45:01,Commit eb139446590ad631b7e6b6782ddf620ac9240295,2019-11-21 17:05:01,Commit 86107d1b9dbb37dff048a05ec51c6d42189e3ef4,80,-8,9,2,2,0.025,0,0.0,2,0.025,3,0.0375,1.5,0,0,0,0,0.0,0,0.0,0,0,0,0,0,0.0,0,0.0,14,0,0,md_2
sveta-levitan,2019-04-21 23:19:04,Reviewed PR 1955,2020-10-12 00:05:05,Commit 87755baec8233bd3e1db8a676d0ddb86c9cc0299,540,-5,19,2,4,0.003703703703703704,2,0.003703703703703704,0,0.0,1821,3.3722222222222222,910.5,0,3,0,0,0.0,0.0,0.0,2,2,6,33,8,0.014814814814814815,1.0,0.001851851851851852,11,2,1,md_4 cc_2
xadupre,2018-11-29 16:20:29,Raise Issue 1661,2022-04-27 00:00:00,pr comment,1245,1,22,2,16,0.001606425702811245,2,0.001606425702811245,0,0.0,1197,0.9614457831325302,598.5,6,16,0,6,0.004819277108433735,0.0,0.0,3,2,5,13,8,0.00642570281124498,0.6666666666666666,0.000535475234270415,114,9,3,py_10 h_2 md_2 cc_2
djsutherland,2017-11-24 15:58:23,Raise PR 314,2018-05-29 00:00:00,issue comment,186,0,4,2,3,0.010752688172043012,0,0.0,2,0.010752688172043012,10,0.053763440860215055,5.0,1,6,0,1,0.005376344086021506,0.0,0.0,2,2,0,2,2,0.010752688172043012,1.0,0.005376344086021506,247,7,0,md_1 cfg_1 in_1
zasdfgbnm,2018-05-01 00:00:00,issue comment,2018-06-16 02:12:06,Raise Issue 1121,47,-4,3,2,279,0.0425531914893617,2,0.0425531914893617,0,0.0,1338,28.46808510638298,669.0,3,3,0,3,0.06382978723404255,0.0,0.0,2,2,0,4,2,0.0425531914893617,1.0,0.02127659574468085,237,12,3,onnx_236 pb_24 json_9 py_6 md_2 cc_1 h_1
liwchang,2018-04-24 00:41:39,Reviewed PR 809,2019-12-13 00:00:00,issue comment,598,-8,16,2,1,0.0033444816053511705,2,0.0033444816053511705,0,0.0,6,0.010033444816053512,3.0,0,1,0,0,0.0,0.0,0.0,2,2,2,4,4,0.006688963210702341,1.0,0.0016722408026755853,2,4,1,cc_2
jignparm,2019-04-30 21:02:11,Reviewed PR 1984,2020-02-21 00:00:00,issue comment,297,-7,8,2,3,0.006734006734006734,1,0.003367003367003367,1,0.003367003367003367,24,0.08080808080808081,12.0,1,1,0,1,0.003367003367003367,0.0,0.0,4,2,1,5,5,0.016835016835016835,0.5,0.0016835016835016834,6,11,2,cc_1 py_1 onnx_1
pengwa,2018-08-03 04:38:46,Raise Issue 1253,2019-03-06 00:00:00,pr comment,215,8,14,2,4,0.009302325581395349,2,0.009302325581395349,0,0.0,27,0.12558139534883722,13.5,6,6,0,6,0.027906976744186046,0.0,0.0,2,2,0,4,2,0.009302325581395349,1.0,0.004651162790697674,28,8,1,md_2 cc_2
stevenlix,2019-05-01 19:32:15,Raise PR 1988,2019-08-29 19:04:57,Reviewed PR 2269,120,-7,10,2,2,0.016666666666666666,2,0.016666666666666666,0,0.0,166,1.3833333333333333,83.0,0,0,0,0,0.0,0,0.0,2,2,5,8,7,0.058333333333333334,1.0,0.008333333333333333,3,5,2,py_2 cc_2
szha,2020-12-10 17:12:58,Raise PR 3159,2021-01-15 23:52:46,Commit 490895703c82f68e723a8b308369cac4ed0abc0c,37,-5,18,2,317,0.05405405405405406,2,0.05405405405405406,0,0.0,3538,95.62162162162163,1769.0,0,4,0,0,0.0,0.0,0.0,2,2,0,2,2,0.05405405405405406,1.0,0.02702702702702703,451,11,3,py_186 cc_70 h_50 md_44 proto_5 cmake_4 proto3_3 LICENSE_1
pranav-prakash,2020-10-12 00:00:00,pr comment,2021-05-01 00:00:00,pr comment,202,-8,16,2,9,0.009900990099009901,2,0.009900990099009901,0,0.0,181,0.8960396039603961,90.5,2,3,0,2,0.009900990099009901,0.0,0.0,2,2,2,10,4,0.019801980198019802,1.0,0.0049504950495049506,23,3,3,h_4 cc_2 md_2 py_1
AlexandreEichenberger,2021-08-10 19:58:10,Raise Issue 3641,2022-04-25 22:07:48,Reviewed PR 4164,259,-5,13,2,4,0.007722007722007722,2,0.007722007722007722,0,0.0,22,0.08494208494208494,11.0,2,7,0,2,0.007722007722007722,0.0,0.0,2,2,4,9,6,0.023166023166023165,1.0,0.003861003861003861,21,5,2,md_2 py_1 cc_1
RandySheriffH,2019-05-20 00:00:00,issue comment,2020-10-28 23:06:54,Commit 5cc790e03b2af691c55926a11c116eb9edaa689b,528,-7,16,2,15,0.003787878787878788,1,0.001893939393939394,1,0.001893939393939394,324,0.6136363636363636,162.0,0,3,0,0,0.0,0.0,0.0,4,2,0,5,4,0.007575757575757576,0.5,0.000946969696969697,3,3,3,pb_4 cc_3 py_3 onnx_2 h_2 pyi_1
a127a127,2018-06-25 23:53:20,Raise PR 1144,2018-08-01 05:09:45,Commit f5307e023a95ac7c31791d69eb04cd64913851a2,37,8,13,2,4,0.05405405405405406,2,0.05405405405405406,0,0.0,192,5.1891891891891895,96.0,0,0,0,0,0.0,0,0.0,2,2,0,2,2,0.05405405405405406,1.0,0.02702702702702703,5,4,2,md_3 cc_1 py_1
karljang,2018-09-05 00:00:00,issue comment,2019-05-09 00:00:00,issue comment,247,9,14,2,12,0.008097165991902834,2,0.008097165991902834,0,0.0,184,0.7449392712550608,92.0,1,1,0,1,0.004048582995951417,0.0,0.0,2,2,0,2,2,0.008097165991902834,1.0,0.004048582995951417,2,7,2,md_5 py_4 onnx_3 pb_2 cc_1
shubhambhokare1,2020-08-05 16:19:37,Raise PR 2946,2021-09-09 22:56:51,Commit db1a9f2388bd48e0bdde095f231a4dcc1473430a,401,-7,15,2,26,0.004987531172069825,2,0.004987531172069825,0,0.0,954,2.3790523690773067,477.0,0,1,0,0,0.0,0.0,0.0,2,2,0,2,2,0.004987531172069825,1.0,0.0024937655860349127,8,8,3,pb_12 onnx_3 md_3 cc_3 py_3 h_2
cjvolzka,2022-01-25 17:38:12,Raise PR 3970,2022-01-25 17:59:38,Commit 7f12395a87cc85d9c6138a8b99530571014d3307,1,-6,11,1,1,1.0,1,1.0,0,0.0,5,5.0,5.0,0,0,0,0,0.0,0,0.0,1,1,0,1,1,1.0,1.0,1.0,0,1,1,c_1
sl1pkn07,2020-03-17 03:21:13,Raise PR 2661,2020-03-30 06:31:43,Commit eae3eb8c61cf5ad27cc9a416dbdc5274982385a6,14,2,8,1,1,0.07142857142857142,0,0.0,1,0.07142857142857142,12,0.8571428571428571,12.0,0,0,0,0,0.0,0,0.0,1,1,0,1,1,0.07142857142857142,1.0,0.07142857142857142,10,4,0,txt_1
lewtun,2021-12-14 13:08:27,Raise PR 3894,2021-12-14 17:42:38,Commit 648e3e0a8c6ccd1fa33332debf1942ac080798ae,1,1,18,1,1,1.0,0,0.0,1,1.0,4,4.0,4.0,0,0,0,0,0.0,0,0.0,1,1,0,1,1,1.0,1.0,1.0,421,2,0,md_1
rajanksin,2018-02-21 00:00:00,issue comment,2018-06-20 20:13:00,Reviewed PR 1128,120,-8,14,1,3,0.008333333333333333,1,0.008333333333333333,0,0.0,11,0.09166666666666666,11.0,7,9,0,7,0.058333333333333334,0.0,0.0,1,1,2,3,3,0.025,1.0,0.008333333333333333,2,10,1,md_2 cc_1
IceTDrinker,2021-04-07 09:48:42,Raise PR 3403,2021-05-04 17:21:48,Commit 7b878135b51a82b067f3772d9b537bb170e00bf9,28,2,19,1,4,0.03571428571428571,1,0.03571428571428571,0,0.0,43,1.5357142857142858,43.0,0,0,0,0,0.0,0,0.0,1,1,0,1,1,0.03571428571428571,1.0,0.03571428571428571,7,7,1,py_4
yskim1501,2018-11-07 00:00:00,pr comment,2018-11-07 18:49:08,Commit f86e951d6957517af59a0b845f0e449794a371b2,1,-8,10,1,2,1.0,1,1.0,0,0.0,10,10.0,10.0,0,0,0,0,0.0,0,0.0,1,1,0,2,1,1.0,1.0,1.0,10,5,1,py_2
girifb,2018-02-07 23:59:32,Raise PR 520,2018-02-09 03:09:16,Commit 4ce42f834ffbf2d779a3417cc7938446546cb010,2,-8,19,1,11,0.5,1,0.5,0,0.0,109,54.5,109.0,0,0,0,0,0.0,0,0.0,2,1,0,5,2,1.0,0.5,0.25,4,4,1,pb_9 py_1 md_1
joohoon,2020-06-29 18:06:19,Raise PR 2864,2020-06-30 01:44:59,Commit 4ae9f0424a515e32ee081646aa323f489348a48f,1,-7,18,1,1,1.0,0,0.0,1,1.0,2,2.0,2.0,0,4,0,0,0.0,0.0,0.0,1,1,0,2,1,1.0,1.0,1.0,1,2,0,md_1
namasikanam,2022-01-08 06:27:23,Raise PR 3927,2022-01-11 06:21:19,Commit 10da6f2e919c8515877e227a41cd44e86ae0bb2d,3,8,14,1,2,0.3333333333333333,0,0.0,1,0.3333333333333333,8,2.6666666666666665,8.0,0,0,0,0,0.0,0,0.0,1,1,0,1,1,0.3333333333333333,1.0,0.3333333333333333,142,3,0,md_2
guoyejun,2018-05-10 07:59:15,Raise Issue 929,2018-05-16 16:55:48,Commit 01745b28fa7af3ad59badc3a7830e47b30fb9148,7,8,0,1,1,0.14285714285714285,0,0.0,1,0.14285714285714285,6,0.8571428571428571,6.0,2,3,0,2,0.2857142857142857,0.0,0.0,1,1,0,1,1,0.14285714285714285,1.0,0.14285714285714285,48,5,0,md_1
fefe982,2021-07-25 00:35:20,Raise PR 3605,2021-08-04 16:34:38,Commit 5515769e1950ce0bcf5f75cfc336a5c96a56b798,11,8,0,1,1,0.09090909090909091,0,0.0,1,0.09090909090909091,2,0.18181818181818182,2.0,0,0,0,0,0.0,0,0.0,1,1,0,1,1,0.09090909090909091,1.0,0.09090909090909091,7,3,0,md_1
jywumsft,2017-10-27 00:00:00,issue comment,2017-11-13 05:50:27,Reviewed PR 239,18,-8,16,1,3,0.05555555555555555,1,0.05555555555555555,0,0.0,211,11.722222222222221,211.0,0,1,0,0,0.0,0.0,0.0,1,1,4,9,5,0.2777777777777778,1.0,0.05555555555555555,0,4,1,py_3
orionr,2018-09-12 20:55:58,Raise PR 1407,2020-05-01 00:00:00,pr comment,597,-7,20,1,2,0.0016750418760469012,1,0.0016750418760469012,0,0.0,51,0.08542713567839195,51.0,0,2,0,0,0.0,0.0,0.0,1,1,0,4,1,0.0016750418760469012,1.0,0.0016750418760469012,54,5,1,txt_1 h_1
andreh7,2017-09-08 00:00:00,pr comment,2017-10-25 00:00:00,issue comment,48,2,20,1,1,0.020833333333333332,0,0.0,1,0.020833333333333332,2,0.041666666666666664,2.0,0,1,0,0,0.0,0.0,0.0,1,1,0,1,1,0.020833333333333332,1.0,0.020833333333333332,3,4,0,md_1
odidev,2021-04-09 14:50:13,Raise Issue 3413,2021-07-20 00:13:27,Commit a71135c16c6c8f95fe3b0df2144955f872cb7cda,102,5,5,1,2,0.00980392156862745,1,0.00980392156862745,0,0.0,147,1.4411764705882353,147.0,1,1,0,1,0.00980392156862745,0.0,0.0,1,1,0,1,1,0.00980392156862745,1.0,0.00980392156862745,22,7,1,sh_1 yml_1
pluradj,2020-02-18 19:15:04,Raise PR 2611,2020-08-06 18:04:03,Commit f7b9d3a6935bffda9dcc860c6b438527723551a0,170,-4,14,1,19,0.0058823529411764705,1,0.0058823529411764705,0,0.0,59,0.34705882352941175,59.0,0,1,0,0,0.0,0.0,0.0,1,1,0,1,1,0.0058823529411764705,1.0,0.0058823529411764705,89,10,2,pb_7 onnx_7 md_3 py_1 cc_1
MaherJendoubi,2020-01-24 23:21:13,Raise PR 2571,2020-01-25 08:11:17,Commit 7e6e61d6de9dbfe5ae75ece58e64135c03263555,1,1,9,1,19,1.0,1,1.0,0,0.0,108,108.0,108.0,0,0,0,0,0.0,0,0.0,1,1,0,1,1,1.0,1.0,1.0,56,3,3,md_4 h_4 cc_4 proto_3 proto3_2 py_2
crahrig,2018-08-03 17:32:20,Raise PR 1258,2018-08-03 19:43:37,Commit cacac1c344e3afe2956961727b3670a959aa2445,1,-7,12,1,1,1.0,0,0.0,1,1.0,8,8.0,8.0,0,0,0,0,0.0,0,0.0,1,1,0,1,1,1.0,1.0,1.0,3,4,0,md_1
letmaik,2018-12-14 19:50:10,Raise PR 1694,2019-09-18 13:23:53,Raise Issue 2331,278,1,0,1,1,0.0035971223021582736,0,0.0,1,0.0035971223021582736,2,0.007194244604316547,2.0,7,7,0,7,0.025179856115107913,0.0,0.0,2,1,0,2,2,0.007194244604316547,0.5,0.0017985611510791368,127,10,0,md_1
ryotatomioka,2017-09-12 06:50:56,Raise Issue 18,2018-11-08 00:00:00,issue comment,422,0,15,1,2,0.002369668246445498,1,0.002369668246445498,0,0.0,37,0.08767772511848342,37.0,1,2,0,1,0.002369668246445498,0.0,0.0,1,1,0,1,1,0.002369668246445498,1.0,0.002369668246445498,10,6,2,cc_1 py_1
ruimashita,2018-03-15 17:42:56,Raise PR 619,2018-03-23 08:03:25,Commit 1e613b5d4ebbaf930f29201e635a1c9b47180278,8,-7,1,1,8,0.125,1,0.125,0,0.0,121,15.125,121.0,0,1,0,0,0.0,0.0,0.0,1,1,0,1,1,0.125,1.0,0.125,21,4,1,pb_6 py_1 md_1
kavanabhat,2019-01-10 09:22:37,Raise Issue 1730,2019-09-18 17:35:30,Commit 1ac1f219f837b8887761f84dfd0f5b667e9a8efe,252,5,22,1,2,0.003968253968253968,1,0.003968253968253968,0,0.0,20,0.07936507936507936,20.0,1,1,0,1,0.003968253968253968,0.0,0.0,2,1,0,2,2,0.007936507936507936,0.5,0.001984126984126984,0,4,1,txt_1 py_1
daniel-j-h,2018-04-01 16:15:15,Raise PR 684,2019-07-12 00:00:00,issue comment,467,2,18,1,1,0.0021413276231263384,1,0.0021413276231263384,0,0.0,2,0.004282655246252677,2.0,1,2,0,1,0.0021413276231263384,0.0,0.0,1,1,0,1,1,0.0021413276231263384,1.0,0.0021413276231263384,247,5,1,py_1
raymondxyang,2018-02-27 21:50:24,Raise Issue 560,2019-09-19 06:00:17,Commit 7840504d4d6f3125f6ae4dff256381632cf84d4f,569,-7,23,1,4,0.0017574692442882249,1,0.0017574692442882249,0,0.0,51,0.08963093145869948,51.0,7,36,0,7,0.012302284710017574,0.0,0.0,39,33,28,109,67,0.11775043936731107,0.8461538461538461,0.001487089360551575,13,26,1,py_2 txt_1 yml_1
walrusmcd,2018-05-03 19:11:54,Raise PR 879,2020-04-24 01:06:10,Reviewed PR 2740,722,-7,13,1,9,0.0013850415512465374,0,0.0,1,0.0013850415512465374,188,0.26038781163434904,188.0,0,4,0,0,0.0,0.0,0.0,1,1,1,25,2,0.002770083102493075,1.0,0.0013850415512465374,11,11,0,md_4 proto_3 proto3_2
chenbohua3,2022-02-27 08:42:48,Raise PR 4041,2022-03-10 01:03:30,Commit acc127219b45bc27b0180b1fdc08299eac81b167,11,8,9,1,1,0.09090909090909091,1,0.09090909090909091,0,0.0,4,0.36363636363636365,4.0,0,0,0,0,0.0,0,0.0,1,1,0,1,1,0.09090909090909091,1.0,0.09090909090909091,8,2,1,py_1
XavierAtShanghai,2019-11-12 07:15:22,Raise Issue 2446,2019-12-05 06:04:00,Commit cdc8b86196ad4d20e9e7e530b3323f23324babea,23,8,14,1,2,0.043478260869565216,1,0.043478260869565216,0,0.0,13,0.5652173913043478,13.0,1,1,0,1,0.043478260869565216,0.0,0.0,2,1,0,2,2,0.08695652173913043,0.5,0.021739130434782608,0,3,2,h_1 py_1
Flamefire,2018-06-08 00:00:00,issue comment,2019-07-12 00:00:00,issue comment,400,2,18,1,26,0.0025,1,0.0025,0,0.0,55,0.1375,55.0,13,14,0,13,0.0325,0.0,0.0,1,1,0,1,1,0.0025,1.0,0.0025,30,15,2,h_23 cc_2 txt_1
SnoopJ,2021-03-02 02:54:36,Raise Issue 3305,2021-08-05 17:37:36,Commit 1d5b7347f3d7726b50f7d563f6472c82e1531240,157,-4,13,1,18,0.006369426751592357,1,0.006369426751592357,0,0.0,494,3.1464968152866244,494.0,1,1,0,1,0.006369426751592357,0.0,0.0,1,1,0,1,1,0.006369426751592357,1.0,0.006369426751592357,26,4,1,py_16 md_2
sampepose,2019-03-16 00:00:00,pr comment,2019-04-23 23:30:51,Commit 27d4b617e7097cda7d0d4c45ff2b09d248f33179,39,-7,16,1,11,0.02564102564102564,1,0.02564102564102564,0,0.0,826,21.17948717948718,826.0,0,1,0,0,0.0,0.0,0.0,1,1,0,1,1,0.02564102564102564,1.0,0.02564102564102564,50,12,3,pb_4 md_3 py_1 onnx_1 cc_1 h_1
LeicongLi,2019-07-08 07:05:25,Raise PR 2155,2019-07-17 22:44:13,Commit 5952b7f52aba022be9d3856a529e0ba69e595a6a,10,8,6,1,1,0.1,0,0.0,1,0.1,2,0.2,2.0,0,0,0,0,0.0,0,0.0,1,1,0,1,1,0.1,1.0,0.1,4,4,0,md_1
sfilipi,2019-04-30 00:00:00,pr comment,2019-05-01 01:07:50,Commit 8eba124ecaddbc6b42e23aa7fc49944827da9820,2,-7,18,1,1,0.5,0,0.0,1,0.5,2,1.0,2.0,0,0,0,0,0.0,0,0.0,1,1,0,1,1,0.5,1.0,0.5,32,7,0,md_1
tomdol,2019-06-05 12:17:43,Raise PR 2080,2021-05-05 00:00:00,pr comment,700,2,11,1,4,0.0014285714285714286,0,0.0,1,0.0014285714285714286,0,0.0,0.0,0,0,0,0,0.0,0,0.0,2,1,1,3,3,0.004285714285714286,0.5,0.0007142857142857143,21,6,0,pb_3 onnx_1
jkmarz,2020-06-04 00:00:00,pr comment,2020-06-22 20:24:10,Commit babbd208e64e22a8eb189a6d1888d0868bbaa934,19,-7,13,1,1,0.05263157894736842,0,0.0,1,0.05263157894736842,2,0.10526315789473684,2.0,0,0,0,0,0.0,0,0.0,1,1,0,1,1,0.05263157894736842,1.0,0.05263157894736842,4,3,0,md_1
rockindy,2018-08-08 00:00:00,issue comment,2018-08-29 07:48:56,Commit 79027b36564ca79aae2e391bbcc28b9ac038f2ea,22,8,15,1,2,0.045454545454545456,1,0.045454545454545456,0,0.0,27,1.2272727272727273,27.0,0,1,0,0,0.0,0.0,0.0,1,1,0,1,1,0.045454545454545456,1.0,0.045454545454545456,0,5,2,cc_1 py_1
yihonglyu,2021-11-18 00:00:00,issue comment,2021-11-20 03:18:12,Commit 34dbc3e3a8f4709d96e7ceba3ac38510f4ed2ff3,3,-8,19,1,3,0.3333333333333333,1,0.3333333333333333,0,0.0,18,6.0,18.0,1,1,0,1,0.3333333333333333,0.0,0.0,1,1,0,1,1,0.3333333333333333,1.0,0.3333333333333333,0,2,1,md_2 py_1
How-Wang,2022-02-28 16:11:17,Raise PR 4044,2022-03-10 00:12:13,Commit f4dea9e68b36f834947062e56257ae3c0ebc5284,10,8,8,1,1,0.1,0,0.0,1,0.1,2,0.2,2.0,0,0,0,0,0.0,0,0.0,1,1,0,1,1,0.1,1.0,0.1,9,2,0,md_1
vchuravy,2018-06-28 17:34:44,Raise PR 1155,2018-06-28 19:14:18,Commit 6c6df92c7fa7081e4176966fbae045f4a5de35c4,1,-7,12,1,1,1.0,0,0.0,1,1.0,5,5.0,5.0,0,0,0,0,0.0,0,0.0,1,1,0,1,1,1.0,1.0,1.0,457,4,0,md_1
acairncross,2019-09-30 08:34:06,Raise PR 2375,2019-10-01 15:34:01,Commit c963586d0f8dd5740777b2fd06f04ec60816de9f,2,1,16,1,1,0.5,1,0.5,0,0.0,2,1.0,2.0,0,0,0,0,0.0,0,0.0,1,1,0,1,1,0.5,1.0,0.5,10,3,1,py_1
okapies,2018-10-02 10:49:14,Raise PR 1466,2019-05-21 00:00:00,issue comment,231,9,0,1,1,0.004329004329004329,0,0.0,1,0.004329004329004329,4,0.017316017316017316,4.0,0,1,0,0,0.0,0.0,0.0,1,1,0,1,1,0.004329004329004329,1.0,0.004329004329004329,90,4,0,txt_1
ma-hei,2020-06-29 18:50:02,Raise Issue 2865,2020-07-21 18:13:30,Commit 91bdfe47ed30379b83e8ca4416b9eabfc52d653d,22,-7,11,1,3,0.045454545454545456,1,0.045454545454545456,0,0.0,106,4.818181818181818,106.0,1,1,0,1,0.045454545454545456,0.0,0.0,1,1,0,1,1,0.045454545454545456,1.0,0.045454545454545456,5,6,1,md_2 cc_1
JerryShih,2018-11-16 00:00:00,pr comment,2018-11-28 18:41:01,Commit f461f7aad9987635b4aff108620ed7918f002d19,13,8,2,1,1,0.07692307692307693,1,0.07692307692307693,0,0.0,62,4.769230769230769,62.0,0,0,0,0,0.0,0,0.0,1,1,0,1,1,0.07692307692307693,1.0,0.07692307692307693,6,5,1,cc_1
Yukigaru,2020-09-30 00:00:00,pr comment,2020-10-12 20:51:32,Commit d4000358ac10e46026104647e4ef1172c0733902,13,3,23,1,13,0.07692307692307693,1,0.07692307692307693,0,0.0,113,8.692307692307692,113.0,0,0,0,0,0.0,0,0.0,1,1,0,1,1,0.07692307692307693,1.0,0.07692307692307693,14,5,2,cc_8 h_5
henryiii,2020-11-02 00:00:00,issue comment,2022-04-06 21:08:11,Commit 50cea73255696c7d8b9013ffa38e46338716078f,521,-4,17,1,2,0.0019193857965451055,0,0.0,1,0.0019193857965451055,21,0.04030710172744722,21.0,0,2,1,1,0.0019193857965451055,0.5,0.0009596928982725527,1,1,0,1,1,0.0019193857965451055,1.0,0.0019193857965451055,367,3,0,txt_1 pybind11_1
xuhdev,2020-03-03 01:02:43,Raise PR 2637,2020-03-10 05:16:05,Commit 94b01cddcf888fbf9bcab8b6939cda39707ac814,8,-7,22,1,1,0.125,1,0.125,0,0.0,8,1.0,8.0,0,0,0,0,0.0,0,0.0,1,1,0,1,1,0.125,1.0,0.125,228,3,1,cc_1
ppwwyyxx,2020-01-10 03:21:18,Raise PR 2540,2020-01-10 18:53:34,Commit 65020daafa9183c769938b4512ce543fd5740f8f,1,-8,10,1,1,1.0,1,1.0,0,0.0,6,6.0,6.0,0,0,0,0,0.0,0,0.0,1,1,0,1,1,1.0,1.0,1.0,3318,2,1,cc_1
elliotwaite,2019-11-07 21:34:14,Raise PR 2441,2019-11-07 23:49:01,Commit c3d3ef821f491d6c969d6d12548c4fbc7228fdab,1,-8,15,1,1,1.0,0,0.0,1,1.0,2,2.0,2.0,0,0,0,0,0.0,0,0.0,1,1,0,1,1,1.0,1.0,1.0,139,2,0,md_1
zdevito,2017-09-09 00:33:27,Raise PR 11,2018-04-25 00:00:00,pr comment,228,-7,17,1,1,0.0043859649122807015,0,0.0,1,0.0043859649122807015,10,0.043859649122807015,10.0,1,5,0,1,0.0043859649122807015,0.0,0.0,2,1,1,34,3,0.013157894736842105,0.5,0.0021929824561403508,346,5,0,md_1
ayermolo,2019-01-11 00:00:00,issue comment,2019-05-24 00:00:00,pr comment,134,-7,9,1,1,0.007462686567164179,0,0.0,1,0.007462686567164179,8,0.05970149253731343,8.0,2,3,0,2,0.014925373134328358,0.0,0.0,1,1,0,3,1,0.007462686567164179,1.0,0.007462686567164179,1,8,0,cmake_1
prabhat00155,2019-08-09 00:00:00,issue comment,2020-08-15 00:44:58,Commit a8efe65640951c5ce7e2be2f62283c59147858e6,373,1,1,1,1,0.002680965147453083,1,0.002680965147453083,0,0.0,8,0.021447721179624665,8.0,0,1,0,0,0.0,0.0,0.0,1,1,0,1,1,0.002680965147453083,1.0,0.002680965147453083,15,7,1,cc_1
bstriner,2018-06-21 00:00:00,pr comment,2018-06-21 02:56:34,Commit 7558954ffd6b8b84d5c2a1859f853578076fae2e,1,-4,22,1,1,1.0,1,1.0,0,0.0,2,2.0,2.0,0,0,0,0,0.0,0,0.0,1,1,0,1,1,1.0,1.0,1.0,229,2,1,h_1
lupesko,2017-09-27 00:00:00,issue comment,2018-07-12 00:00:00,issue comment,289,-8,10,1,1,0.0034602076124567475,1,0.0034602076124567475,0,0.0,2,0.006920415224913495,2.0,4,11,0,4,0.01384083044982699,0.0,0.0,1,1,3,13,4,0.01384083044982699,1.0,0.0034602076124567475,29,8,1,py_1
hchandola,2018-02-22 17:28:29,Raise PR 547,2018-02-24 00:32:31,Commit e78c068008c97d88a41ff926916225487b0aa205,2,-8,16,1,3,0.5,1,0.5,0,0.0,27,13.5,27.0,0,0,0,0,0.0,0,0.0,1,1,0,2,1,0.5,1.0,0.5,6,4,1,md_2 cc_1
impactaky,2021-03-29 16:38:57,Raise PR 3364,2021-04-05 18:36:15,Commit aa4cab340123f7ea1b128e761ce86c5be6c287c1,8,9,3,1,3,0.125,1,0.125,0,0.0,30,3.75,30.0,0,0,0,0,0.0,0,0.0,1,1,0,1,1,0.125,1.0,0.125,1,4,2,cc_2 py_1
462630221,2020-09-08 03:14:54,Raise Issue 3004,2021-02-04 08:45:55,Raise PR 3260,150,8,10,1,1,0.006666666666666667,1,0.006666666666666667,0,0.0,46,0.30666666666666664,46.0,2,2,0,2,0.013333333333333334,0.0,0.0,2,1,0,2,2,0.013333333333333334,0.5,0.0033333333333333335,0,4,1,h_1
bombs-kim,2019-01-10 01:34:48,Raise PR 1726,2019-01-14 16:34:09,Commit 1a8a7fc2f5605814b2a75b03dbf92e77a81b8a7d,5,9,1,1,4,0.2,1,0.2,0,0.0,54,10.8,54.0,0,0,0,0,0.0,0,0.0,1,1,0,1,1,0.2,1.0,0.2,24,4,1,md_2 py_2
mrry,2021-04-02 00:00:00,pr comment,2021-06-21 00:00:00,pr comment,81,-7,18,1,2,0.012345679012345678,1,0.012345679012345678,0,0.0,24,0.2962962962962963,24.0,0,0,0,0,0.0,0,0.0,1,1,1,2,2,0.024691358024691357,1.0,0.012345679012345678,586,4,1,cc_2
LucasMahieu,2017-12-11 22:11:50,Raise Issue 363,2018-04-09 00:00:00,issue comment,119,1,19,1,4,0.008403361344537815,1,0.008403361344537815,0,0.0,165,1.3865546218487395,165.0,7,11,0,7,0.058823529411764705,0.0,0.0,1,1,0,1,1,0.008403361344537815,1.0,0.008403361344537815,6,9,1,md_2 cc_2
haohaibo,2018-12-10 14:49:26,Raise Issue 1687,2019-11-15 02:48:09,Commit a32db1c5233c0b7c124c1529ccd026f1d3f17040,340,8,10,1,5,0.0029411764705882353,0,0.0,1,0.0029411764705882353,10,0.029411764705882353,10.0,2,2,0,2,0.0058823529411764705,0.0,0.0,1,1,0,1,1,0.0029411764705882353,1.0,0.0029411764705882353,30,4,0,proto_3 proto3_2
AlexMuresan,2019-07-26 00:00:00,issue comment,2019-12-12 20:21:19,Commit 477a9b87715d614f8b7540a69c144b177275baa2,140,2,22,1,1,0.007142857142857143,0,0.0,1,0.007142857142857143,16,0.11428571428571428,16.0,2,2,0,2,0.014285714285714285,0.0,0.0,1,1,0,1,1,0.007142857142857143,1.0,0.007142857142857143,5,6,0,md_1
Verma-Rajat,2019-01-24 05:50:17,Raise PR 1769,2019-01-28 21:20:44,Commit 198f8401ea7e4dd9a0f4f20bbab9485c7c99755c,5,5,2,1,1,0.2,0,0.0,1,0.2,15,3.0,15.0,0,0,0,0,0.0,0,0.0,1,1,0,1,1,0.2,1.0,0.2,0,4,0,md_1
eundoosong,2018-11-26 00:00:00,issue comment,2018-12-10 06:44:51,Commit f612532843bd8e24efeab2815e45b436479cc9ab,15,9,15,1,1,0.06666666666666667,0,0.0,1,0.06666666666666667,4,0.26666666666666666,4.0,0,2,0,0,0.0,0.0,0.0,1,1,0,1,1,0.06666666666666667,1.0,0.06666666666666667,4,3,0,md_1
yaoyaoding,2022-04-11 00:00:00,pr comment,2022-04-13 19:13:03,Commit f4687ed86fdea9d3802135f2a47bc78c47927b24,3,-4,15,1,3,0.3333333333333333,1,0.3333333333333333,0,0.0,6,2.0,6.0,0,0,0,0,0.0,0,0.0,1,1,0,1,1,0.3333333333333333,1.0,0.3333333333333333,96,2,1,md_2 cc_1
migueldeicaza,2020-02-05 00:00:00,issue comment,2020-06-23 00:55:58,Commit 7979c71a2ca990cad669313fd5fa52533b7dada1,140,-4,20,1,1,0.007142857142857143,0,0.0,1,0.007142857142857143,18,0.12857142857142856,18.0,0,4,0,0,0.0,0.0,0.0,1,1,0,3,1,0.007142857142857143,1.0,0.007142857142857143,4040,4,0,md_1
pjh5,2018-04-04 00:00:00,issue comment,2018-12-26 21:33:28,Commit 9afc06c5f3b92344bdbedd488ab399d7763d17ce,267,-6,15,1,1,0.003745318352059925,0,0.0,1,0.003745318352059925,5,0.018726591760299626,5.0,0,1,0,0,0.0,0.0,0.0,1,1,0,36,1,0.003745318352059925,1.0,0.003745318352059925,12,3,0,txt_1
tfujiwar,2018-03-03 11:51:30,Raise PR 580,2018-05-24 01:51:23,Commit 9a37d4daf537532ffbd94af896ee58a70dd72fd3,82,9,10,1,12,0.012195121951219513,1,0.012195121951219513,0,0.0,138,1.6829268292682926,138.0,0,0,0,0,0.0,0,0.0,1,1,0,1,1,0.012195121951219513,1.0,0.012195121951219513,10,9,2,pb_6 md_2 onnx_2 py_1 cc_1
martinb35,2020-04-24 01:06:10,Raise PR 2740,2020-04-24 03:33:16,Commit 2dd6a1ba5fcdb1d47cd485d5033e6cf804100d49,1,-7,20,1,1,1.0,0,0.0,1,1.0,2,2.0,2.0,0,0,0,0,0.0,0,0.0,1,1,0,1,1,1.0,1.0,1.0,0,3,0,md_1
shjwudp,2019-06-26 09:14:08,Raise PR 2129,2019-09-15 18:50:33,Commit ee7072c741d64ae5176781a963c593e68f6cac5a,82,8,2,1,2,0.012195121951219513,1,0.012195121951219513,0,0.0,29,0.35365853658536583,29.0,0,0,0,0,0.0,0,0.0,1,1,0,1,1,0.012195121951219513,1.0,0.012195121951219513,20,4,1,py_2
tengyifei,2018-07-15 21:07:56,Raise PR 1200,2018-07-17 19:49:04,Commit 235b0865500eb8c143aa61712dc28043e82b84e6,2,-7,12,1,3,0.5,1,0.5,0,0.0,6,3.0,6.0,0,0,0,0,0.0,0,0.0,1,1,0,1,1,0.5,1.0,0.5,125,4,1,md_2 cc_1
nickfeeney,2018-05-22 19:14:06,Raise PR 1012,2018-05-23 20:16:59,Commit 0c7cf3d970be739a6bc450d62b508f77f397a8c3,2,-7,13,1,3,0.5,1,0.5,0,0.0,58,29.0,58.0,0,0,0,0,0.0,0,0.0,1,1,0,3,1,0.5,1.0,0.5,0,7,1,md_2 cc_1
andife,2022-04-22 08:24:08,Raise PR 4156,2022-04-25 22:07:48,Raise PR 4164,4,2,18,1,1,0.25,0,0.0,1,0.25,2,0.5,2.0,0,0,0,0,0.0,0,0.0,3,2,0,3,3,0.75,0.6666666666666666,0.16666666666666666,7,3,0,md_1
earhart,2018-01-11 01:33:47,Raise PR 414,2018-01-11 03:20:22,Commit 44c8bdff5fcf54a71324e7d6170422ed7a38e7a2,1,-8,19,1,1,1.0,1,1.0,0,0.0,2,2.0,2.0,0,0,0,0,0.0,0,0.0,1,1,0,1,1,1.0,1.0,1.0,27,3,1,py_1
sechkova,2022-02-18 00:00:00,issue comment,2022-02-28 20:43:55,Commit 5a6628799ee4fa31edc4451886363f6d47095caa,11,2,22,1,1,0.09090909090909091,0,0.0,1,0.09090909090909091,12,1.0909090909090908,12.0,0,3,0,0,0.0,0.0,0.0,1,1,0,1,1,0.09090909090909091,1.0,0.09090909090909091,3,2,0,md_1
xykong58,2019-06-19 00:00:00,issue comment,2019-09-18 00:00:00,pr comment,92,-7,14,1,1,0.010869565217391304,0,0.0,1,0.010869565217391304,2,0.021739130434782608,2.0,2,2,0,2,0.021739130434782608,0.0,0.0,2,1,0,2,2,0.021739130434782608,0.5,0.005434782608695652,0,11,0,md_1
geofft,2021-08-18 19:59:04,Raise PR 3667,2022-04-15 22:51:07,Commit f1d86bbed4e3b02e0a3fc6a5ed543d7d9cc9f662,241,-4,18,1,1,0.004149377593360996,0,0.0,1,0.004149377593360996,10,0.04149377593360996,10.0,1,1,0,1,0.004149377593360996,0.0,0.0,1,1,0,1,1,0.004149377593360996,1.0,0.004149377593360996,137,3,0,txt_1
Adeykin,2018-04-11 18:03:22,Raise Issue 748,2021-01-08 17:26:50,Commit 0217f1c19253e00a789e5c36e395923fbe860fc4,1003,3,20,1,3,0.0009970089730807576,1,0.0009970089730807576,0,0.0,69,0.06879361914257229,69.0,1,2,0,1,0.0009970089730807576,0.0,0.0,1,1,0,1,1,0.0009970089730807576,1.0,0.0009970089730807576,1,3,2,h_2 py_1
edgchen1,2019-03-26 23:43:50,Reviewed PR 1887,2019-11-08 00:00:00,pr comment,227,-7,22,1,2,0.004405286343612335,0,0.0,1,0.004405286343612335,81,0.3568281938325991,81.0,0,0,0,0,0.0,0,0.0,2,1,1,3,3,0.013215859030837005,0.5,0.0022026431718061676,11,8,0,md_2
CaseyCarter,2019-12-20 00:00:00,pr comment,2020-01-02 13:27:42,Commit 41b5afe638ebbb14d8392c7e133dd75587129339,14,-8,5,1,1,0.07142857142857142,1,0.07142857142857142,0,0.0,1,0.07142857142857142,1.0,0,0,0,0,0.0,0,0.0,1,1,0,1,1,0.07142857142857142,1.0,0.07142857142857142,160,4,1,h_1
H1Gdev,2020-07-21 01:11:25,Raise PR 2913,2020-07-27 19:23:15,Commit d38a47cea4f749ebc1cf6b32b9119ee508750412,7,9,4,1,1,0.14285714285714285,0,0.0,1,0.14285714285714285,2,0.2857142857142857,2.0,0,0,0,0,0.0,0,0.0,1,1,0,1,1,0.14285714285714285,1.0,0.14285714285714285,3,5,0,md_1
imaihal,2020-03-01 14:32:13,Raise PR 2633,2020-06-19 09:30:45,Commit b2a20a9d07678e89ae9346243035e194b63e0e8a,110,9,18,1,1,0.00909090909090909,1,0.00909090909090909,0,0.0,23,0.20909090909090908,23.0,0,0,0,0,0.0,0,0.0,1,1,0,1,1,0.00909090909090909,1.0,0.00909090909090909,1,3,1,py_1
cotsog,2018-08-06 18:34:30,Raise PR 1267,2018-08-06 20:43:54,Commit 970c839cce9e93a84ed6319a7a0215d37dd66ba4,1,-4,16,1,1,1.0,0,0.0,1,1.0,8,8.0,8.0,0,0,0,0,0.0,0,0.0,1,1,0,1,1,1.0,1.0,1.0,27,4,0,yml_1
sighingnow,2018-01-11 06:00:51,Raise PR 415,2018-01-11 16:44:12,Commit 93090527a7ae5cb7863f078b70ca99983a1a0f0d,1,8,0,1,3,1.0,1,1.0,0,0.0,6,6.0,6.0,0,0,0,0,0.0,0,0.0,1,1,0,1,1,1.0,1.0,1.0,266,3,1,md_2 cc_1
huitseeker,2018-02-17 03:04:40,Raise PR 537,2018-02-19 05:02:33,Commit 938ce339fd3e7dc5eb6a8f6332f77762ff5eaaaf,3,-8,21,1,12,0.3333333333333333,1,0.3333333333333333,0,0.0,104,34.666666666666664,104.0,0,5,0,0,0.0,0.0,0.0,1,1,0,2,1,0.3333333333333333,1.0,0.3333333333333333,289,3,2,pb_8 md_2 py_1 cc_1
wezuo,2020-02-05 02:37:47,Raise PR 2585,2020-02-21 16:52:14,Commit b008ed3a00c9a0f6e59f456eee98fe522a36f983,17,-8,8,1,12,0.058823529411764705,1,0.058823529411764705,0,0.0,536,31.529411764705884,536.0,0,0,0,0,0.0,0,0.0,1,1,0,1,1,0.058823529411764705,1.0,0.058823529411764705,0,9,3,pb_3 md_3 cc_2 py_2 onnx_1 h_1
wanchaol,2018-09-27 01:25:22,Raise PR 1453,2018-10-15 20:18:35,Reviewed PR 1510,19,-7,13,1,1,0.05263157894736842,1,0.05263157894736842,0,0.0,81,4.2631578947368425,81.0,0,0,0,0,0.0,0,0.0,1,1,1,2,2,0.10526315789473684,1.0,0.05263157894736842,22,3,1,h_1
jsenellart,2018-04-26 00:00:00,issue comment,2018-05-07 17:43:04,Commit 5be6d8665425dfeff6d7eee2f6918f9f0d560074,12,2,19,1,4,0.08333333333333333,1,0.08333333333333333,0,0.0,18,1.5,18.0,0,1,0,0,0.0,0.0,0.0,1,1,0,1,1,0.08333333333333333,1.0,0.08333333333333333,90,4,1,md_2 cc_2
yorkie,2019-11-24 10:52:18,Raise PR 2473,2019-11-24 16:25:31,Commit c08a7b76cf7c1555ae37186f12be4d62b2c39b3b,1,8,0,1,1,1.0,0,0.0,1,1.0,5,5.0,5.0,0,0,0,0,0.0,0,0.0,1,1,0,1,1,1.0,1.0,1.0,2539,2,0,md_1
LexXia,2018-08-24 12:04:49,Raise PR 1322,2018-09-05 03:51:19,Raise Issue 1379,12,8,15,1,1,0.08333333333333333,0,0.0,1,0.08333333333333333,2,0.16666666666666666,2.0,1,1,0,1,0.08333333333333333,0.0,0.0,1,1,0,1,1,0.08333333333333333,1.0,0.08333333333333333,2,4,0,md_1
wangyems,2020-12-08 22:36:03,Raise Issue 3157,2022-04-12 22:50:38,Commit 527da9300b76941b2b68d25662f3acdb26d10551,491,-7,15,1,1,0.002036659877800407,1,0.002036659877800407,0,0.0,37,0.07535641547861507,37.0,1,3,0,1,0.002036659877800407,0.0,0.0,1,1,0,1,1,0.002036659877800407,1.0,0.002036659877800407,10,2,1,py_1
peteryang1,2018-10-23 00:00:00,issue comment,2019-01-08 20:45:40,Commit 40cdb5f81b083c1598ba6372bb82dd51e3e8c0a9,78,8,4,1,2,0.01282051282051282,1,0.01282051282051282,0,0.0,77,0.9871794871794872,77.0,2,2,0,2,0.02564102564102564,0.0,0.0,2,1,0,2,2,0.02564102564102564,0.5,0.00641025641025641,3,7,2,py_1 cc_1
fs-eire,2019-03-19 00:00:00,issue comment,2019-04-23 05:05:32,Commit ed2db02af9afcf1ab2b731055b6bd4a568867c0a,36,-7,22,1,1,0.027777777777777776,0,0.0,1,0.027777777777777776,6,0.16666666666666666,6.0,0,1,0,0,0.0,0.0,0.0,1,1,0,1,1,0.027777777777777776,1.0,0.027777777777777776,34,5,0,md_1
mindest,2021-06-25 00:00:00,pr comment,2021-07-12 20:07:40,Commit 21d16d2bcb493687eec2c2beefc7dde89d54a1e2,18,8,4,1,5,0.05555555555555555,1,0.05555555555555555,0,0.0,339,18.833333333333332,339.0,1,1,0,1,0.05555555555555555,0.0,0.0,1,1,0,1,1,0.05555555555555555,1.0,0.05555555555555555,2,5,2,md_2 cc_2 h_1
RandyShuai,2019-02-07 23:49:31,Raise PR 1797,2019-02-11 20:06:29,Commit e71e3bef893b66b4ea0af8e8ac678189a610a850,4,-8,12,1,7,0.25,1,0.25,0,0.0,89,22.25,89.0,0,1,0,0,0.0,0.0,0.0,1,1,0,1,1,0.25,1.0,0.25,2,4,1,pb_3 md_2 py_1 onnx_1
malfet,2020-05-01 05:43:43,Raise PR 2756,2021-08-06 00:00:00,issue comment,462,-7,9,1,1,0.0021645021645021645,1,0.0021645021645021645,0,0.0,8,0.017316017316017316,8.0,0,2,0,0,0.0,0.0,0.0,1,1,0,2,1,0.0021645021645021645,1.0,0.0021645021645021645,81,3,1,py_1
calvinmccarter-at-lightmatter,2021-05-06 06:16:15,Raise PR 3472,2021-05-19 00:41:52,Commit 7480638f0de437f724289e230798b698b1e74a70,13,-5,19,1,4,0.07692307692307693,1,0.07692307692307693,0,0.0,30,2.3076923076923075,30.0,1,1,0,1,0.07692307692307693,0.0,0.0,1,1,0,1,1,0.07692307692307693,1.0,0.07692307692307693,1,4,1,md_2 py_2
iiSeymour,2019-06-25 09:34:01,Raise PR 2128,2019-07-12 00:00:00,issue comment,17,1,6,1,1,0.058823529411764705,1,0.058823529411764705,0,0.0,6,0.35294117647058826,6.0,1,1,0,1,0.058823529411764705,0.0,0.0,1,1,0,1,1,0.058823529411764705,1.0,0.058823529411764705,119,6,1,cc_1
gongsu832,2021-10-25 02:41:53,Raise PR 3801,2021-12-08 22:29:33,Commit c9f53d00932ab60e381a71789a85db0463a8d9e0,45,-5,17,1,6,0.022222222222222223,1,0.022222222222222223,0,0.0,22,0.4888888888888889,22.0,0,0,0,0,0.0,0,0.0,1,1,0,1,1,0.022222222222222223,1.0,0.022222222222222223,6,2,2,h_5 c_1
manbearian,2021-04-07 19:16:18,Raise Issue 3409,2021-04-24 23:56:26,Commit a64c2ed232392e2586dc8320710841eee62874df,18,-7,16,1,6,0.05555555555555555,1,0.05555555555555555,0,0.0,137,7.611111111111111,137.0,1,1,0,1,0.05555555555555555,0.0,0.0,1,1,0,1,1,0.05555555555555555,1.0,0.05555555555555555,7,13,2,cc_2 md_2 h_2
PatriceVignola,2018-07-10 00:00:00,pr comment,2018-07-10 23:49:12,Commit 97198ca40249a454c95b53bb736533f6042cde03,1,-7,16,1,4,1.0,1,1.0,0,0.0,36,36.0,36.0,0,0,0,0,0.0,0,0.0,2,1,0,2,2,2.0,0.5,0.5,27,4,1,md_2 cc_2
