,Name,starredAt
0,ericmjl,2019-11-16 04:14:47
1,tirthasheshpatel,2020-04-14 09:02:54
2,AlexAndorra,2020-04-14 18:48:44
3,MridulS,2020-07-03 19:07:47
4,alexhafner,2020-08-07 22:01:52
5,xypan1232,2020-08-08 02:22:15
6,mansyur340,2020-08-08 14:24:02
7,hvasbath,2020-08-25 07:54:28
8,NoelJacob,2020-09-14 18:47:25
9,lixiao2,2020-09-16 01:43:35
10,trungnghiahoang96,2020-09-16 08:02:40
11,aloctavodia,2020-09-26 23:11:20
12,fly51fly,2020-09-27 05:27:23
13,AppServiceProvider,2020-09-27 06:22:40
14,neomatrix369,2020-10-01 18:16:42
15,josephwillard,2020-10-02 23:34:31
16,ckrapu,2020-10-03 16:59:22
17,fbartolic,2020-10-05 15:29:05
18,Ykid,2020-10-13 07:36:17
19,marr75,2020-10-19 19:13:13
20,AcaDemIQ,2020-10-21 15:47:30
21,dxyzx0,2020-10-23 01:57:52
22,rsimd,2020-10-26 18:41:26
23,breandan,2020-10-26 21:27:22
24,tohtsky,2020-10-27 04:27:57
25,adrianogil,2020-10-27 22:14:46
26,gmrukwa,2020-10-29 14:33:25
27,markdjwilliams,2020-10-29 21:55:00
28,LegrandNico,2020-10-31 15:23:02
29,eigenfoo,2020-11-02 03:07:31
30,lmzke,2020-11-03 18:15:12
31,h3dema,2020-11-04 14:15:25
32,dgerlanc,2020-11-04 16:39:48
33,christopher-beckham,2020-11-06 02:31:40
34,pedroteixeira,2020-11-06 21:58:05
35,djmannion,2020-11-06 22:58:04
36,ilbuonmarcio,2020-11-07 02:35:18
37,davidchern,2020-11-07 03:28:24
38,guilhermeleobas,2020-11-07 05:47:59
39,REDVM,2020-11-07 19:46:40
40,mdeff,2020-11-07 20:58:13
41,zanellia,2020-11-08 12:45:34
42,tigerneil,2020-11-09 02:23:12
43,gustlywind,2020-11-09 06:25:11
44,peterroelants,2020-11-10 07:47:13
45,bfredl,2020-11-12 13:29:31
46,Sayam753,2020-11-14 04:30:53
47,v-a-s-a,2020-11-15 22:31:29
48,valdo404,2020-11-17 11:23:07
49,matwey,2020-11-18 20:22:59
50,acyrl,2020-11-19 23:35:48
51,iphysresearch,2020-11-21 17:54:43
52,martiningram,2020-11-22 06:42:48
53,MarcoGorelli,2020-11-24 18:21:54
54,kir0ul,2020-12-01 03:35:56
55,Huan-Yang,2020-12-03 13:19:20
56,Harivallabha,2020-12-03 18:23:44
57,essicolo,2020-12-04 16:46:55
58,hammer,2020-12-04 20:59:42
59,SyncingRhythms,2020-12-04 22:08:48
60,tadas-subonis,2020-12-06 13:42:05
61,jdmoore7,2020-12-10 21:29:59
62,bwengals,2020-12-11 07:59:23
63,pnpolcher,2020-12-14 20:50:57
64,zirmite,2020-12-15 18:33:49
65,ron-wolf,2020-12-16 00:28:20
66,msis,2020-12-16 01:03:53
67,gurpreetshanky,2020-12-16 04:28:24
68,josecohenca,2020-12-16 12:14:51
69,uralik,2020-12-16 14:56:41
70,psytron,2020-12-16 20:04:56
71,acikmese,2020-12-18 07:36:52
72,Majramos,2020-12-19 16:32:56
73,ionuttamas,2020-12-20 08:33:57
74,BK-Yoo,2020-12-21 03:06:22
75,jeffreyenos,2020-12-23 16:43:45
76,wrmsr,2020-12-28 03:48:17
77,cameronraysmith,2021-01-03 22:40:46
78,olivierzach,2021-01-05 00:27:26
79,No-Stream,2021-01-09 20:09:44
80,antonl,2021-01-12 05:17:34
81,toddwc,2021-01-22 17:16:25
82,yaserabdelaziz,2021-01-27 09:07:39
83,gorkemozkaya,2021-01-29 06:12:58
84,astrojuanlu,2021-01-29 12:24:18
85,bbw7561135,2021-01-29 12:52:25
86,davidbrochart,2021-01-30 11:25:21
87,sergiopasra,2021-01-30 18:16:45
88,MichaelFG,2021-01-31 03:15:04
89,hardikudeshi,2021-01-31 15:27:00
90,rdlang,2021-02-01 09:24:49
91,tmcclintock,2021-02-02 20:47:57
92,fonnesbeck,2021-02-04 15:10:28
93,mrtkp9993,2021-02-04 16:18:14
94,roarkemc,2021-02-04 23:37:12
95,krystophny,2021-02-10 10:08:24
96,emaballarin,2021-02-11 19:17:17
97,lnunesAI,2021-02-11 23:16:12
98,duncanwp,2021-02-12 13:24:21
99,PedroSebe,2021-02-12 13:31:09
100,pankajkarman,2021-02-12 16:09:15
101,aakarmathur,2021-02-12 23:52:24
102,ArturHD,2021-02-21 10:00:11
103,mlaprise,2021-02-22 21:47:24
104,onavsaber,2021-02-23 01:10:21
105,dbalabka,2021-03-01 17:28:18
106,nagellette,2021-03-01 18:44:51
107,ajkluber,2021-03-02 12:46:44
108,volpatto,2021-03-02 15:20:29
109,josejimenezluna,2021-03-02 16:53:54
110,steveya,2021-03-03 00:28:53
111,redaready,2021-03-03 09:58:32
112,ykhorzon,2021-03-03 13:21:28
113,gureckis,2021-03-03 17:48:33
114,maalthous,2021-03-03 19:10:46
115,horizon-blue,2021-03-04 01:14:20
116,fritzo,2021-03-04 02:11:44
117,dboyliao,2021-03-04 10:25:30
118,dr-guangtou,2021-03-05 20:41:46
119,SyedMuhammadAli,2021-03-05 23:42:09
120,toru34,2021-03-06 06:01:24
121,lipiji,2021-03-07 08:58:09
122,emptymalei,2021-03-07 09:22:06
123,owlwang,2021-03-07 13:11:30
124,david-leon,2021-03-09 05:44:54
125,dudugang,2021-03-09 08:20:01
126,StatML,2021-03-09 08:25:02
127,CloudChaoszero,2021-03-15 01:02:23
128,castelao,2021-03-15 23:08:32
129,timkofu,2021-03-17 13:45:07
130,kelleyjbrady,2021-03-19 06:17:09
131,stuwifu,2021-03-21 14:30:16
132,waynewong,2021-03-22 14:20:59
133,tomicapretto,2021-03-23 12:12:08
134,themrzmaster,2021-03-25 01:07:24
135,kiendang,2021-03-25 17:46:24
136,ravinsharma7,2021-03-27 10:13:58
137,apachaves,2021-03-29 17:40:07
138,Zen-trepreneur,2021-03-30 12:58:10
139,larryshamalama,2021-03-30 14:41:27
140,dswah,2021-03-30 21:05:56
141,rrrai,2021-04-01 18:11:32
142,nd1511,2021-04-01 19:48:35
143,jccurtis,2021-04-02 16:54:29
144,rrkarim,2021-04-02 23:25:02
145,arvids,2021-04-04 15:01:11
146,ZhouXiaolin,2021-04-06 02:00:58
147,semeniuta,2021-04-06 14:01:08
148,adrodgers,2021-04-08 21:15:38
149,yiyezhilan,2021-04-12 13:23:54
150,o-90,2021-04-14 13:46:50
151,corentinartaud,2021-04-15 08:48:52
152,Dboingue,2021-04-16 02:26:58
153,Gravifer,2021-04-16 04:02:38
154,riven314,2021-04-20 17:02:48
155,hectormz,2021-04-22 23:15:31
156,zephoon,2021-05-04 00:28:28
157,axxonpy,2021-05-05 03:46:12
158,justanhduc,2021-05-07 15:59:30
159,Gabrui,2021-05-07 17:39:20
160,1fish2,2021-05-07 20:51:45
161,shuo-zhou,2021-05-08 19:03:27
162,indrarudianto,2021-05-11 08:26:41
163,milti,2021-05-12 01:37:42
164,vicgalle,2021-05-12 12:07:52
165,krkx,2021-05-12 12:39:14
166,nipunbatra,2021-05-12 14:18:56
167,pemberj,2021-05-13 08:00:54
168,polygramer,2021-05-13 15:24:53
169,Anyesh,2021-05-18 09:39:40
170,eriknw,2021-05-18 16:21:03
171,LarsThore,2021-05-23 13:09:24
172,elras,2021-05-23 18:26:49
173,AKJ7,2021-05-25 17:51:38
174,ojhall94,2021-05-26 08:27:02
175,DebarghaG,2021-05-27 06:17:17
176,tboutelier,2021-05-27 14:27:04
177,thecsw,2021-05-28 02:57:27
178,General-Secretary-of-Dalaran,2021-05-28 08:06:37
179,mnolte,2021-05-30 08:49:06
180,GuoHao150,2021-05-31 03:17:34
181,chenypic,2021-06-03 15:39:31
182,gongxiujin,2021-06-04 04:18:33
183,skbaum,2021-06-04 13:08:11
184,morganstrom,2021-06-04 13:41:31
185,obarisk,2021-06-04 14:55:11
186,mpkuperman,2021-06-04 20:27:50
187,janna-in-sf,2021-06-09 14:41:25
188,mehrdad-shokri,2021-06-09 17:55:31
189,mattbis,2021-06-11 11:54:16
190,dhulmul,2021-06-12 20:51:02
191,tdliu,2021-06-15 00:19:31
192,alexlyttle,2021-06-15 13:51:25
193,ari-nz,2021-06-16 22:49:25
194,whyaysd,2021-06-17 11:28:26
195,nishk5,2021-06-17 19:12:19
196,yhlam,2021-06-18 01:00:49
197,nmerty,2021-06-18 09:30:53
198,phinate,2021-06-18 12:32:10
199,nikitavoloboev,2021-06-18 12:56:15
200,LaxmanSinghTomar,2021-06-18 19:44:50
201,sailfish009,2021-06-19 01:24:00
202,EugOT,2021-06-19 18:58:03
203,denji,2021-06-20 21:25:41
204,StephenGao,2021-06-21 06:53:58
205,etigerstudio,2021-06-21 10:10:12
206,tqcheng,2021-06-22 05:44:20
207,EmergentOrder,2021-06-22 11:21:45
208,himanshuxd,2021-06-22 15:26:40
209,hannibalhuang,2021-06-22 17:04:59
210,RonsenbergVI,2021-06-23 09:08:11
211,soraros,2021-06-24 21:20:34
212,decabyte,2021-06-25 05:52:37
213,myGod0rz,2021-06-25 06:27:48
214,abtinshahidi,2021-06-26 01:52:15
215,RodTiU,2021-06-28 17:35:01
216,robinthibaut,2021-06-29 08:23:27
217,iamsaswata,2021-06-29 12:24:09
218,learning-chip,2021-06-30 00:51:27
219,ryan-chien,2021-07-01 01:20:40
220,EscapeLikeAWind,2021-07-02 12:32:48
221,Hiroki11x,2021-07-05 03:00:27
222,maybeLee,2021-07-05 11:34:24
223,dddd1007,2021-07-08 05:28:58
224,madsenwattiq,2021-07-08 14:53:46
225,Sentient07,2021-07-11 17:38:51
226,Serird,2021-07-12 09:21:58
227,drbenvincent,2021-07-12 16:26:21
228,noe,2021-07-13 20:18:24
229,dancsalo,2021-07-14 15:51:55
230,Tiendil,2021-07-15 16:58:00
231,mevius6,2021-07-17 04:37:04
232,PangHua,2021-07-17 13:46:04
233,yezhengkai,2021-07-19 05:27:33
234,tianmingdu,2021-07-20 02:12:33
235,jdebnath21,2021-07-20 09:17:53
236,murakrishn,2021-07-20 16:53:56
237,AnoRebel,2021-07-22 11:19:20
238,guipatriota,2021-07-23 18:38:38
239,cyd1310997,2021-07-24 08:47:37
240,genyrosk,2021-07-25 10:00:55
241,MariaGamal,2021-07-26 12:07:42
242,salma2vec,2021-07-26 14:12:41
243,harrtho,2021-07-27 18:19:42
244,msibaev,2021-07-29 04:36:47
245,treigerm,2021-07-29 10:19:16
246,ttj,2021-07-31 04:25:03
247,igor-davidyuk,2021-08-02 04:50:56
248,MuellerSeb,2021-08-04 10:39:39
249,petoknm,2021-08-04 12:11:10
250,generic-github-user,2021-08-04 17:42:54
251,Taichi83,2021-08-04 23:06:51
252,bendv,2021-08-06 14:57:33
253,foongsy,2021-08-06 15:50:25
254,SSD1805,2021-08-11 07:00:30
255,giovannibonetti,2021-08-12 12:45:02
256,bzah,2021-08-12 16:39:13
257,yuchenglim,2021-08-17 00:21:48
258,albertoirurueta,2021-08-17 12:46:17
259,tlemo,2021-08-18 19:40:10
260,cuihantao,2021-08-18 22:38:07
261,LoyalBenny,2021-08-20 02:01:52
262,tobiasraabe,2021-08-23 08:33:34
263,kingice,2021-08-24 06:12:36
264,davystrong,2021-08-24 17:08:26
265,pstaerk,2021-08-26 08:25:13
266,vefstathiou,2021-08-27 11:48:50
267,smjure,2021-08-27 11:51:12
268,timfi,2021-08-27 18:01:53
269,damirdev,2021-08-28 17:30:52
270,ce107,2021-09-01 22:42:09
271,keichi,2021-09-03 16:00:24
272,GarrettMooney,2021-09-05 17:29:17
273,sakimarquis,2021-09-09 03:21:01
274,TYHgamer,2021-09-11 13:19:59
275,okos-jordan,2021-09-12 01:35:57
276,mafuzal,2021-09-12 09:55:09
277,simulkade,2021-09-13 07:23:36
278,katosh,2021-09-13 23:52:01
279,sco1,2021-09-14 15:01:30
280,Greatnest,2021-09-15 11:32:29
281,wt1ren,2021-09-16 05:08:26
282,juanigp,2021-09-17 12:21:32
283,FlorianWilhelm,2021-09-17 16:29:18
284,gr33ndata,2021-09-19 13:48:09
285,ns-asivji,2021-09-23 15:30:13
286,mystreamer,2021-09-23 15:34:03
287,omgthecolorpurple,2021-09-25 18:24:50
288,jeanmarcalkazzi,2021-09-25 21:46:37
289,gc-ss,2021-09-26 02:48:58
290,ar90n,2021-09-26 03:06:49
291,roza,2021-09-26 16:01:38
292,raymon124,2021-09-28 01:00:06
293,PanJichuan,2021-09-28 08:14:36
294,winkmal,2021-09-28 19:02:16
295,hakeemo,2021-09-29 18:37:22
296,smalltalkman,2021-10-03 14:33:40
297,jimmyrcom,2021-10-05 01:01:50
298,adeb09,2021-10-05 02:19:13
299,awray3,2021-10-05 16:20:39
300,shizhaojingszj,2021-10-05 17:00:22
301,yilmazerhakan,2021-10-05 22:50:55
302,arthur-e,2021-10-06 15:12:24
303,almogtavor,2021-10-06 18:16:50
304,jaj42,2021-10-06 21:13:10
305,naveennoel,2021-10-06 21:36:18
306,Miles-Garnsey,2021-10-07 08:05:34
307,kamuichan80,2021-10-09 01:07:51
308,klane,2021-10-11 14:41:21
309,RustemB,2021-10-11 18:51:05
310,junwei-wang,2021-10-13 09:11:51
311,AtlasPilotPuppy,2021-10-13 20:06:22
312,nicky-lenaers,2021-10-14 09:51:18
313,joaovitorfranco,2021-10-15 02:03:37
314,maruthinh,2021-10-16 18:16:38
315,abuzarmahmood,2021-10-17 17:58:42
316,nenetto,2021-10-18 14:17:56
317,lmwang9527,2021-10-18 16:27:31
318,welchr,2021-10-18 19:24:09
319,monodera,2021-10-19 04:41:27
320,jiamo,2021-10-19 05:16:01
321,albertocavalcante,2021-10-19 15:25:52
322,thupalo,2021-10-20 05:20:21
323,king6cong,2021-10-22 10:48:17
324,mikkelbue,2021-10-22 11:29:00
325,manual123,2021-10-23 01:58:27
326,asmlgkj,2021-10-23 04:04:50
327,wzh1895,2021-10-23 15:39:43
328,chrishokamp,2021-10-25 23:56:56
329,nutrik,2021-10-28 12:32:27
330,whitenoisedev,2021-10-29 01:39:24
331,yinheze,2021-10-29 18:24:28
332,tedmiston,2021-10-29 23:43:49
333,zaizibai,2021-10-31 23:52:46
334,CedricFR,2021-11-01 07:23:34
335,jolespin,2021-11-02 19:25:55
336,gibsramen,2021-11-02 19:44:11
337,popcsev,2021-11-02 21:13:36
338,loreloc,2021-11-03 14:52:29
339,shinnnny,2021-11-05 03:13:31
340,ismael-mendoza,2021-11-05 13:09:53
341,mj-will,2021-11-05 16:20:45
342,astrogewgaw,2021-11-05 17:20:36
343,griels,2021-11-05 17:38:34
344,HajimeKawahara,2021-11-06 02:39:52
345,pnsafari,2021-11-06 23:30:24
346,sushmaakoju,2021-11-07 03:31:56
347,cmpute,2021-11-07 15:33:24
348,jpdeleon,2021-11-08 02:41:51
349,bolens,2021-11-09 22:31:51
350,paxtonfitzpatrick,2021-11-10 07:18:44
351,Everestparts,2021-11-10 21:54:55
352,wasita,2021-11-11 15:07:21
353,Rinoahu,2021-11-13 18:25:46
354,Carlosbogo,2021-11-14 12:15:01
355,wfatherley,2021-11-14 16:19:14
356,juanitorduz,2021-11-16 16:19:00
357,henrisota,2021-11-17 21:27:32
358,quangtiencs,2021-11-18 07:32:23
359,ollie-bell,2021-11-18 11:51:29
360,ReemALfaidi,2021-11-18 13:40:13
361,NightMachinery,2021-11-21 13:23:07
362,wly2014,2021-11-23 03:28:40
363,ShabarishRamaswamy,2021-11-30 10:05:18
364,will-i-amv,2021-11-30 21:00:06
365,grekoskall,2021-12-01 17:06:05
366,OlivierBinette,2021-12-01 21:25:46
367,valtron,2021-12-04 02:13:16
368,macnetic,2021-12-05 12:52:43
369,shevtsov,2021-12-05 13:24:19
370,agrawalshubham665,2021-12-06 08:05:53
371,Fazel94,2021-12-07 01:10:11
372,laserson,2021-12-07 19:40:36
373,clintval,2021-12-09 01:23:57
374,112358fn,2021-12-10 13:58:04
375,heydokku,2021-12-11 15:32:12
376,hungqd,2021-12-13 01:19:36
377,thomasvrussell,2021-12-16 12:08:32
378,rocke2020,2021-12-17 02:05:17
379,JimWen,2021-12-17 03:21:02
380,Bowenislandsong,2021-12-19 05:17:15
381,mmngreco,2021-12-23 20:30:01
382,cfoster0,2021-12-24 07:22:04
383,TLouf,2021-12-25 10:07:24
384,joaogui1,2021-12-25 11:02:32
385,Mark-Gallivan,2021-12-25 15:43:56
386,jessepinkman9900,2021-12-26 10:38:14
387,AlexHoorn,2021-12-26 22:48:40
388,madprogramer,2021-12-28 20:16:35
389,aivanou,2021-12-30 02:20:22
390,jgraving,2021-12-30 23:28:54
391,hsfzxjy,2021-12-31 04:59:00
392,Yizhang-Li,2021-12-31 05:25:13
393,caos21,2021-12-31 06:32:29
394,tillforever,2021-12-31 10:21:31
395,cheuerde,2021-12-31 11:04:20
396,KeAWang,2021-12-31 17:21:42
397,aerubanov,2022-01-01 07:32:02
398,sun254667307,2022-01-01 14:57:38
399,QiminWu,2022-01-03 21:22:24
400,CGCooke,2022-01-04 00:06:58
401,OUCyf,2022-01-04 02:46:57
402,hayk-skydio,2022-01-04 06:25:54
403,araffin,2022-01-06 09:28:20
404,h4pZ,2022-01-06 09:40:07
405,kngwyu,2022-01-06 10:18:17
406,Ignotus,2022-01-06 16:25:42
407,notwa,2022-01-06 16:36:39
408,cthorey,2022-01-06 18:48:34
409,DanielWicz,2022-01-06 20:05:24
410,traversaro,2022-01-06 23:29:51
411,pakelley,2022-01-07 01:58:39
412,christian-cahig,2022-01-07 03:25:57
413,mehdidc,2022-01-07 04:13:18
414,xEnVrE,2022-01-07 13:40:36
415,veb-101,2022-01-07 17:11:55
416,EmanuelaBoros,2022-01-07 17:35:08
417,zemlyansky,2022-01-07 19:11:56
418,ErickMMuniz,2022-01-07 19:12:43
419,Makinuh,2022-01-07 22:55:28
420,nikunjchapadia,2022-01-08 00:08:34
421,vahbuna,2022-01-08 01:12:50
422,desh2608,2022-01-08 09:06:56
423,Hypatchia,2022-01-08 11:01:50
424,stefan-jansen,2022-01-08 11:34:27
425,jack-willturner,2022-01-08 12:45:22
426,nikfilippas,2022-01-08 13:06:17
427,fabid,2022-01-08 13:38:22
428,MartinEls,2022-01-08 14:48:38
429,liuzhenqi77,2022-01-08 15:01:39
430,abhilb,2022-01-08 16:45:15
431,svats2k,2022-01-08 17:10:56
432,zeeroocooll,2022-01-08 17:24:20
433,zxytim,2022-01-08 17:29:53
434,howardlau1999,2022-01-08 18:17:13
435,FredericWantiez,2022-01-08 18:23:32
436,khuyentran1401,2022-01-08 19:34:20
437,CharlesCreativeContent,2022-01-08 19:50:02
438,aschmu,2022-01-08 21:38:17
439,kcarnold,2022-01-08 22:20:17
440,ywx649999311,2022-01-08 22:22:28
441,IslamFahadul,2022-01-08 22:27:50
442,dwu402,2022-01-08 23:54:21
443,sozelfist,2022-01-09 01:36:46
444,nilarkian,2022-01-09 02:44:15
445,mszarski,2022-01-09 02:50:56
446,paxcema,2022-01-09 04:54:35
447,Rowing0914,2022-01-09 06:23:05
448,takahiro-prog,2022-01-09 10:31:19
449,julianblue,2022-01-09 12:57:38
450,he0x,2022-01-09 14:25:03
451,semohr,2022-01-09 15:45:57
452,usamasadiq706,2022-01-09 17:08:58
453,sara-02,2022-01-09 18:57:36
454,proger,2022-01-09 19:22:59
455,lepy,2022-01-09 21:45:24
456,Bohdan-Ilchyshyn,2022-01-10 00:08:08
457,TinyZeaMays,2022-01-10 01:58:30
458,Elias-Poor,2022-01-10 03:18:09
459,Fu-Om,2022-01-10 03:21:06
460,brendanjmeade,2022-01-10 03:21:31
461,jrosskopf,2022-01-10 06:29:14
462,edmondja,2022-01-10 13:08:05
463,tommontroy,2022-01-10 21:46:10
464,pritamsoni-hsr,2022-01-10 21:53:50
465,zakktakk,2022-01-11 07:24:53
466,aarcher07,2022-01-11 14:05:09
467,d3v3l0,2022-01-11 14:06:47
468,johnhenning,2022-01-11 14:10:17
469,villadsegede,2022-01-12 10:01:24
470,christophmark,2022-01-12 14:36:18
471,shadowboxingskills,2022-01-12 16:26:44
472,hollstein,2022-01-13 21:22:35
473,hiDaDeng,2022-01-14 02:29:01
474,RodolfoFerro,2022-01-14 03:24:53
475,hartca,2022-01-14 09:47:03
476,vroomzel,2022-01-15 00:09:04
477,n-h,2022-01-15 04:13:13
478,aaronlks,2022-01-15 09:39:54
479,sk413025,2022-01-15 12:49:20
480,jayita13,2022-01-15 15:45:31
481,rimallo,2022-01-17 14:31:19
482,waltsims,2022-01-18 17:20:53
483,sharavsambuu,2022-01-18 19:27:56
484,monopoly-db,2022-01-19 13:38:02
485,guzmud,2022-01-19 15:35:18
486,AmosChenYQ,2022-01-21 02:28:18
487,alexandrnikitin,2022-01-21 06:51:17
488,nschlemm,2022-01-21 15:19:37
489,amotl,2022-01-21 17:49:18
490,LegoYoda112,2022-01-23 02:19:55
491,fjcamillo,2022-01-23 02:34:08
492,ThiagoChristo,2022-01-23 02:36:15
493,everiu,2022-01-23 03:10:19
494,callum-kl,2022-01-23 11:07:36
495,akitana-airtanker,2022-01-24 00:30:12
496,chenshih1,2022-01-24 10:05:40
497,SamuelHericles,2022-01-27 17:54:35
498,philastrophist,2022-01-28 17:20:44
499,FranSPG,2022-01-30 21:23:34
500,s-weigand,2022-02-02 05:48:52
501,GerHobbelt,2022-02-02 23:25:43
502,ianchute,2022-02-04 16:16:36
503,tjonesy10,2022-02-05 03:19:43
504,pjs902,2022-02-06 14:38:06
505,Gargonslipfisk,2022-02-06 22:33:50
506,victor-mariano-leite,2022-02-07 01:32:06
507,broesler,2022-02-07 05:09:36
508,choudhary,2022-02-07 09:09:41
509,JackLI9,2022-02-07 09:14:58
510,zklc,2022-02-07 09:25:30
511,saulshanabrook,2022-02-07 16:42:22
512,usernaamee,2022-02-08 05:10:28
513,AelarLiadon,2022-02-08 20:44:38
514,dmarx,2022-02-08 23:10:02
515,danhphan,2022-02-09 00:50:39
516,masknugget,2022-02-09 03:30:34
517,chester-tan,2022-02-09 04:51:52
518,jslogyca,2022-02-09 13:34:16
519,dani-who-likes-engineering,2022-02-10 07:24:04
520,IterableTrucks,2022-02-11 04:10:33
521,alwinw,2022-02-12 03:53:22
522,sreedhar27,2022-02-12 12:19:36
523,taylorjhenry,2022-02-13 00:09:42
524,chrish42,2022-02-13 22:30:04
525,fd0r,2022-02-14 08:42:48
526,mhlr,2022-02-16 01:38:57
527,joshhjacobson,2022-02-16 20:10:13
528,ppkliu,2022-02-18 06:26:33
529,Armavica,2022-02-18 21:41:50
530,CarlosAndres12,2022-02-20 00:39:00
531,hamance,2022-02-20 14:52:11
532,andrewsherman,2022-02-23 00:22:29
533,albcab,2022-02-23 16:26:51
534,wulfboy-95,2022-02-24 04:38:53
535,ivanlonel,2022-02-26 14:50:29
536,kc611,2022-02-28 10:52:28
537,balancap,2022-02-28 13:55:26
538,SarthakJariwala,2022-03-01 06:50:46
539,cmantoux,2022-03-01 17:34:35
540,gdalle,2022-03-01 19:05:32
541,federerfanatic,2022-03-01 22:36:32
542,salehjg,2022-03-02 23:31:19
543,tomaszcekalo,2022-03-04 06:54:02
544,TheFloatingBrain,2022-03-04 07:30:17
545,mattearllongshot,2022-03-04 17:44:47
546,Kayden-lolasery,2022-03-08 07:46:26
547,Ris-Bali,2022-03-08 13:40:03
548,nickelsaved,2022-03-09 10:10:19
549,charithmadhuranga,2022-03-09 19:03:57
550,ken-power,2022-03-09 19:35:47
551,Dingel321,2022-03-11 10:44:42
552,mwong009,2022-03-11 17:40:39
553,abduld,2022-03-11 19:38:36
554,stevesimmons,2022-03-13 13:40:43
555,benlau6,2022-03-13 15:15:25
556,timkpaine,2022-03-13 15:51:53
557,cprimel,2022-03-14 01:48:31
558,ad1729,2022-03-14 21:27:28
559,nicholas-dougherty,2022-03-15 16:19:05
560,ArthurHowardMorris,2022-03-16 04:06:36
561,nzw0301,2022-03-18 10:11:43
562,khatvangi,2022-03-18 20:56:26
563,Cdayz,2022-03-20 09:49:31
564,sandyzikun,2022-03-21 11:38:47
565,ENM1989,2022-03-22 11:29:08
566,pipme,2022-03-23 11:39:31
567,gpantalos,2022-03-24 13:30:09
568,Tan-sing,2022-03-25 02:55:09
569,kmcleste,2022-03-28 18:49:15
570,steadyfish,2022-03-29 01:58:19
571,mwahedi,2022-03-30 07:58:00
572,leecoool,2022-03-31 06:54:26
573,h2soheili,2022-04-02 02:35:19
574,xjyx,2022-04-02 14:29:37
575,obackhouse,2022-04-03 10:04:50
576,vishalbelsare,2022-04-04 18:53:48
577,iammees,2022-04-05 17:00:34
578,kingink,2022-04-05 19:16:23
579,Chris-Sorini,2022-04-05 22:35:14
580,dfd,2022-04-09 14:46:38
581,nbrochu,2022-04-09 16:45:25
582,jlpnyc,2022-04-10 16:57:57
583,leetschau,2022-04-12 02:36:47
584,rteja,2022-04-12 15:20:39
585,LuxXx,2022-04-14 08:10:47
586,beauschwab,2022-04-16 12:48:03
587,sysygogogo,2022-04-19 11:30:55
588,Kujiranoai,2022-04-19 14:03:02
589,MohamedAhmed74,2022-04-20 15:21:38
590,philippatterson,2022-04-30 15:26:45
591,WindsLeaf,2022-05-01 09:58:39
592,kai5z,2022-05-03 09:14:02
593,munjata,2022-05-06 19:15:56
594,jhwohlgemuth,2022-05-09 00:53:13
595,luisfpereira,2022-05-09 07:25:44
596,LennyN95,2022-05-09 11:09:53
597,gogolnr1,2022-05-11 07:31:29
598,bichanna,2022-05-11 20:55:01
599,yaugenst,2022-05-12 21:11:45
600,memeplex,2022-05-14 12:55:38
601,LoganWalls,2022-05-14 14:11:27
602,zeling,2022-05-16 19:40:29
603,rohan-paul,2022-05-19 14:14:17
604,ibrahimsharaf,2022-05-19 15:21:51
605,inkrement,2022-05-20 04:19:03
606,brickfrog,2022-05-20 17:04:17
607,kearnz,2022-05-23 17:31:12
608,alex-treebeard,2022-05-24 16:48:06
609,afraniomelo,2022-05-24 16:50:08
610,MaksadAnnamuradov,2022-05-25 05:00:27
611,prosupermegasuperproxxx,2022-05-25 14:38:01
612,laffeychris,2022-05-25 17:52:57
613,mraxilus,2022-05-26 13:40:04
614,Chaitanya369,2022-05-27 08:50:46
615,cjen07,2022-05-28 03:04:15
616,zmiimz,2022-05-28 17:37:50
617,joetoth,2022-05-30 16:49:13
618,ianrmhill,2022-05-31 21:43:23
619,NicoCaro,2022-06-02 22:54:31
620,ocsmit,2022-06-03 16:52:28
621,kiwibanani,2022-06-03 20:45:44
622,vovavili,2022-06-05 07:09:54
623,ian-flores,2022-06-06 17:42:19
624,Nanguage,2022-06-07 01:16:11
625,LanceGe,2022-06-07 09:35:22
626,parano,2022-06-07 17:11:00
627,johnmcdonnell,2022-06-07 20:05:25
628,theTechie,2022-06-08 04:15:27
629,zzsza,2022-06-08 13:44:24
630,ak2k,2022-06-08 17:54:16
631,kongnyuy,2022-06-08 19:19:22
632,jonathannoah,2022-06-08 20:49:01
633,russelmann,2022-06-09 13:01:00
634,baggiponte,2022-06-09 21:21:16
635,wd60622,2022-06-09 23:12:49
636,jeremyalva,2022-06-10 10:30:27
637,mrluanma,2022-06-14 14:55:56
638,schallerala,2022-06-14 18:53:04
639,brews,2022-06-15 03:35:10
640,AlexMontgomerie,2022-06-15 13:37:10
641,pstjohn,2022-06-15 16:45:48
642,dannyhq,2022-06-15 17:30:31
643,sar2160,2022-06-15 18:48:54
644,nneitzke,2022-06-17 04:56:23
645,vxrz,2022-06-17 16:05:04
646,mkhrisanfov,2022-06-18 19:59:00
647,blsqr,2022-06-19 13:21:51
648,ocramz,2022-06-19 15:00:02
649,clstaudt,2022-06-19 18:07:36
650,Dedigraz,2022-06-19 19:44:06
651,kataev,2022-06-19 20:20:51
652,rinarakaki,2022-06-20 05:16:35
653,PaimonLumine,2022-06-20 07:59:43
654,fsoubelet,2022-06-20 09:18:13
655,ErfiDev,2022-06-20 09:21:56
656,raymondng76,2022-06-21 07:00:49
657,punchagan,2022-06-22 10:53:09
658,suryapr1916,2022-06-23 04:34:47
659,Orrmj,2022-06-23 05:14:36
660,kiminh,2022-06-23 05:20:22
661,flo-schu,2022-06-23 08:07:02
662,don-jil,2022-06-23 16:35:03
663,kentkost,2022-06-24 11:10:11
664,lucasalavapena,2022-06-24 19:23:46
665,wniu9,2022-06-27 00:27:20
666,helios2k6,2022-06-29 03:07:04
667,jmlowenthal,2022-07-02 10:01:51
668,MulberryBeacon,2022-07-03 11:05:30
669,rzyu45,2022-07-03 13:28:24
670,DanielLauferPhysics,2022-07-03 22:36:07
671,pushpendrapratap,2022-07-04 21:26:44
672,omasanori,2022-07-06 04:24:56
673,zjwilliams20,2022-07-12 03:57:32
674,SanPen,2022-07-14 19:21:15
675,jly36963,2022-07-14 20:50:39
676,ivanfinaev,2022-07-15 02:05:38
677,Thaulino,2022-07-18 09:31:27
678,pibieta,2022-07-18 12:03:52
679,suzukiMY,2022-07-19 00:15:16
680,chimaerase,2022-07-19 06:57:36
681,slenderham,2022-07-21 02:41:08
682,YamingZhang,2022-07-22 21:39:14
683,rmallof,2022-07-23 11:53:18
684,AdminIT-arch,2022-07-23 12:06:17
685,siraken,2022-07-24 15:56:55
686,dykatz,2022-07-25 07:49:18
687,pkhalaj,2022-07-25 21:41:31
688,AThomas102,2022-07-26 13:16:46
689,TheodorEmanuelsson,2022-07-26 19:45:55
690,hedonistrh,2022-07-26 20:08:27
691,robaato,2022-07-27 08:24:54
692,LorenzoSciandra,2022-07-27 09:50:36
693,ttogola,2022-07-27 12:51:12
694,enezhadian,2022-07-27 13:13:14
695,msuatgunerli,2022-07-29 20:27:49
696,mscheltienne,2022-07-29 21:23:28
697,Yanksi,2022-07-31 09:24:26
698,ViacheslavK,2022-08-02 10:21:38
699,kerikh,2022-08-03 06:34:38
700,TINGWEIJING,2022-08-03 16:30:34
701,aarnphm,2022-08-03 18:38:51
702,thodson-usgs,2022-08-04 19:38:15
703,devincapriola,2022-08-06 05:04:20
704,Kairah888,2022-08-06 07:56:31
705,giovp,2022-08-06 14:08:55
706,James4Ever0,2022-08-07 17:50:47
707,abgardn2,2022-08-08 19:10:32
708,Gerst20051,2022-08-09 09:32:21
709,gutzbenj,2022-08-11 18:57:52
710,huangzq681,2022-08-12 00:52:35
711,geoyee,2022-08-12 00:56:05
712,qiyang-ustc,2022-08-12 07:04:21
713,arduinoll,2022-08-12 21:08:54
714,Ddystopia,2022-08-12 21:45:23
715,martinsotir,2022-08-12 22:04:03
716,emerali,2022-08-13 01:29:14
717,shanipribadi,2022-08-14 09:54:30
718,htnminh,2022-08-14 17:43:51
719,almondnguyen,2022-08-15 01:21:14
720,drmrd,2022-08-15 14:36:16
721,erick4j,2022-08-17 02:52:32
722,ebarkhordar,2022-08-17 15:49:29
723,jankolf,2022-08-18 12:24:56
724,ntlm1686,2022-08-18 21:05:45
725,winedarksea,2022-08-19 02:21:47
726,ddfeiyu,2022-08-23 07:05:08
727,satvik007,2022-08-24 16:10:40
728,jawjay,2022-08-24 21:09:18
729,rockandsalt,2022-08-25 14:30:02
730,mhmdhoseinzade,2022-08-28 07:58:15
731,yoshoku,2022-08-28 10:35:19
732,mastdev,2022-08-29 18:20:06
733,0xyd,2022-08-30 10:34:41
734,junpenglao,2022-08-30 19:05:39
735,FranzForstmayr,2022-08-31 08:46:17
736,SorooshMani-NOAA,2022-08-31 15:04:23
737,chinnichaitanya,2022-09-01 11:00:25
738,vandalt,2022-09-01 14:20:55
739,sirinath,2022-09-01 17:12:07
740,Koncopd,2022-09-02 09:01:02
741,fanpu,2022-09-02 20:25:14
742,rtbs-dev,2022-09-03 01:59:08
743,karteum,2022-09-03 11:52:11
744,TheCluster,2022-09-04 13:17:00
745,cscherrer,2022-09-05 16:09:26
746,khughitt,2022-09-07 04:57:33
747,nthon,2022-09-07 06:27:25
748,WouterVanGoey,2022-09-07 14:25:33
749,zarak,2022-09-08 09:14:22
750,BrightXiaoHan,2022-09-10 05:12:17
751,bbytiger,2022-09-11 18:28:23
752,ehalsmer,2022-09-15 01:37:49
753,osbm,2022-09-15 18:30:09
754,luiscape,2022-09-15 18:35:19
755,rlouf,2022-09-15 18:48:50
756,conorhassan,2022-09-15 21:35:47
757,lotia,2022-09-16 04:05:17
758,techthumb1,2022-09-17 19:22:59
759,rulonchik,2022-09-19 21:14:34
760,Gustavo-SF,2022-09-20 08:25:00
761,klknn,2022-09-24 16:53:16
762,MuuYesen,2022-09-26 07:31:51
763,zhouconghao,2022-09-27 01:50:27
764,giovaniceotto,2022-09-27 02:08:05
765,kturaevv,2022-09-27 07:09:32
766,daqwes,2022-09-29 08:47:16
767,xaedes,2022-09-30 19:04:39
768,CatB1t,2022-10-02 14:33:56
769,benderonline,2022-10-02 21:20:16
770,johnhany,2022-10-03 18:34:43
771,kfeng123,2022-10-04 12:22:08
772,mahardhikapraja,2022-10-05 12:12:10
773,chorylee,2022-10-06 04:17:29
774,jamesdow21,2022-10-06 22:13:41
775,Florauvergne,2022-10-08 20:09:27
776,kunyuan,2022-10-11 02:09:06
777,mgrabovsky,2022-10-11 17:56:07
778,mukheshpugal,2022-10-13 12:14:08
779,sunnyadn,2022-10-13 15:36:45
780,karthy257,2022-10-15 04:05:56
781,mmdjiji,2022-10-17 04:53:51
782,sosuts,2022-10-18 14:46:51
783,djatlantic,2022-10-18 16:26:22
784,mladen5000,2022-10-18 17:54:53
785,Michael-J-Ward,2022-10-20 18:38:18
786,RichardLS09,2022-10-21 03:01:11
787,hugefiver,2022-10-21 08:20:33
788,gnikit,2022-10-21 09:15:17
789,husmen,2022-10-22 17:54:51
790,x0xMaximus,2022-10-24 09:04:57
791,chris-park,2022-10-24 21:58:50
792,AmedeoBiolatti,2022-10-25 01:11:02
793,fecet,2022-10-25 06:41:36
794,dchapsky,2022-10-26 04:28:58
795,Leticia-maria,2022-10-26 19:06:51
796,AzadKshitij,2022-10-30 05:19:57
797,peide,2022-10-31 03:50:13
798,zhonghai1995,2022-11-02 03:57:10
799,SimkoCarlos,2022-11-03 12:28:07
800,TroddenSpade,2022-11-04 15:06:51
801,jonathandu07,2022-11-05 21:37:50
802,antotocar34,2022-11-07 17:35:30
803,i-Zaak,2022-11-08 09:41:11
804,TimOliverMaier,2022-11-09 07:56:08
805,bo5o,2022-11-09 17:08:24
806,fhchl,2022-11-11 15:37:11
807,farleyknight,2022-11-11 16:19:36
808,f-fritz,2022-11-14 10:22:52
809,maresb,2022-11-15 20:40:33
810,edxu96,2022-11-15 20:53:30
811,Dorteel,2022-11-17 09:09:49
812,zhimin-z,2022-11-18 20:47:29
813,antoinecarme,2022-11-19 08:54:55
814,Furffico,2022-11-20 14:18:07
815,dirceu-jr,2022-11-23 20:57:17
816,wanjunling168,2022-11-24 19:13:33
817,neptune1225,2022-11-24 23:21:04
818,mblackritter,2022-11-25 02:51:30
819,zmughal,2022-11-25 19:49:59
820,qacwnfq,2022-11-28 14:20:17
821,boisgera,2022-11-28 19:53:16
822,thelogicalgrammar,2022-11-28 20:45:08
823,timlautk,2022-11-28 22:30:37
824,certifiedwaif,2022-11-29 04:13:17
825,joekirincic,2022-11-29 23:20:16
826,miniMaddy,2022-11-30 03:20:22
827,tjburch,2022-11-30 04:14:01
828,mathisgerdes,2022-12-02 02:55:47
829,lgbouma,2022-12-02 17:24:31
830,colinahill,2022-12-02 20:01:39
831,esdnm,2022-12-04 14:45:31
832,alessandrogambin,2022-12-04 14:50:33
833,saurabhya,2022-12-04 17:43:31
834,xkey-,2022-12-04 17:46:19
835,stefan-baumann,2022-12-04 18:21:11
836,aflah02,2022-12-05 05:17:23
837,heronimus,2022-12-05 09:48:12
838,trygvebw,2022-12-06 08:24:37
839,jequihua,2022-12-06 12:36:27
840,lqhuang,2022-12-07 14:16:32
841,SeBecker,2022-12-09 07:51:42
842,soma2000-lang,2022-12-09 22:16:35
843,Ark-kun,2022-12-11 08:04:49
844,lzanini,2022-12-11 09:24:36
845,secondmover,2022-12-13 06:08:51
846,vcantarella,2022-12-13 09:23:38
847,Murplugg,2022-12-13 17:40:33
848,gordonfierce,2022-12-13 21:44:10
849,CodeByAidan,2022-12-14 00:39:46
850,jdehning,2022-12-15 13:43:32
851,wdevazelhes,2022-12-16 11:59:26
852,diegovalenzuelaiturra,2022-12-17 12:33:07
853,pranaysy,2022-12-17 14:52:13
854,rungholt,2022-12-18 17:16:15
855,NiceboyWiseboy,2022-12-20 09:23:00
856,andrei-pokrovsky,2022-12-21 23:18:06
857,jeh15,2022-12-22 08:21:59
858,TaiChiTiger,2022-12-25 03:02:34
859,Aaron-AALG,2022-12-25 09:04:25
860,dtexwang,2022-12-25 11:53:16
861,julioacontreras,2022-12-27 16:51:08
862,Viz87,2022-12-29 01:59:33
863,bruderooo,2022-12-31 14:10:48
864,thkimwbe,2023-01-01 17:35:26
865,archwa,2023-01-02 06:48:49
866,yvesyil,2023-01-03 03:31:15
867,aesara-machine-user,2023-01-03 22:09:19
868,TaylorHere,2023-01-03 23:21:41
869,ggrizzly,2023-01-05 20:31:55
870,dominik-air,2023-01-05 20:56:01
871,RaymondCrandall,2023-01-06 13:36:47
872,smithaldon1,2023-01-07 00:45:27
873,TuWebO,2023-01-17 11:36:15
874,8bitmp3,2023-01-18 00:15:38
875,shyamsn97,2023-01-18 00:40:29
876,jostevee,2023-01-19 18:54:08
877,mammar11,2023-01-21 13:45:48
878,andrinr,2023-01-23 15:02:40
879,JMFornos,2023-01-23 15:13:36
880,xhulianoThe1,2023-01-23 18:49:17
881,vane,2023-01-29 23:58:43
882,awarebayes,2023-01-30 12:14:44
883,Iseratho,2023-02-01 06:21:50
884,krzysztofrusek,2023-02-02 16:49:05
885,matthewfeickert,2023-02-03 16:47:50
886,munozariasjm,2023-02-03 19:57:10
887,timhowes,2023-02-04 23:27:48
888,ofek,2023-02-05 14:01:03
889,purna135,2023-02-06 11:55:44
890,devsamuelv,2023-02-06 17:42:31
891,megarubber,2023-02-06 17:43:04
892,cheginit,2023-02-06 18:27:32
893,floriangardin,2023-02-07 08:04:50
894,quxinyong,2023-02-08 08:40:20
895,abalkin,2023-02-08 09:38:08
896,gabrieldevinzelles,2023-02-08 11:15:22
897,TomNicholas,2023-02-08 16:48:05
898,dcherian,2023-02-08 17:03:27
899,srib,2023-02-09 00:24:05
900,PPJMM,2023-02-09 16:22:12
901,yagnik-thummar,2023-02-10 07:15:37
902,TM-DS,2023-02-12 00:31:36
903,minmoxiaoyao,2023-02-12 11:08:15
904,sarangdesh,2023-02-12 13:19:39
905,M3nin0,2023-02-13 11:42:21
906,Smit-create,2023-02-13 16:01:58
907,dar-tau,2023-02-13 16:11:07
908,RichardScottOZ,2023-02-13 20:33:35
909,blackball,2023-02-14 01:05:16
910,echozs151,2023-02-14 06:22:48
911,BioGeek,2023-02-14 09:38:05
912,sudarsan2k5,2023-02-14 12:50:37
913,MysticalTrav,2023-02-14 21:26:14
914,lucatelli,2023-02-15 00:22:47
915,alefaraci,2023-02-15 10:52:37
916,RaulPL,2023-02-15 16:14:00
917,klaapbakken,2023-02-15 21:24:18
918,andrewherren,2023-02-16 09:32:11
919,Roger-luo,2023-02-16 21:12:59
920,philzook58,2023-02-16 21:45:33
921,Steve-Hawk,2023-02-16 23:11:59
922,hsulab,2023-02-17 15:52:12
923,seansummers,2023-02-18 15:58:04
924,ket-sourav-ket,2023-02-19 05:38:19
925,PhilipVinc,2023-02-20 12:03:44
926,pharringtonp19,2023-02-20 14:05:35
927,suimong,2023-02-20 15:25:10
928,SemyonSinchenko,2023-02-21 21:01:46
929,guanyilun,2023-02-21 21:53:48
930,RainyGeoPagan,2023-02-22 16:06:24
931,desk7,2023-02-24 14:16:28
932,suolike,2023-02-24 14:25:33
933,jshreynolds,2023-02-27 17:44:54
934,StEvUgnIn,2023-02-27 20:20:22
935,sduquemesa,2023-03-01 13:50:43
936,YuCao16,2023-03-02 18:48:54
937,rth,2023-03-03 10:50:20
938,Vslira,2023-03-03 12:08:59
939,owenlamont,2023-03-03 13:35:12
940,DocSavage,2023-03-04 20:56:22
941,nilq,2023-03-05 16:02:16
942,overshiki,2023-03-09 08:22:51
943,petersandersen,2023-03-13 18:40:51
944,jd-hernandez,2023-03-16 01:11:45
945,rasmi,2023-03-16 11:38:56
946,reynoldscem,2023-03-17 08:55:36
947,lnotspotl,2023-03-20 09:17:38
948,yuriyvolkov,2023-03-20 20:26:29
949,pharrellyhy,2023-03-21 08:30:57
950,siboles,2023-03-21 20:38:56
951,makazmk,2023-03-21 23:39:19
952,ludwig,2023-03-22 12:03:23
953,Elirjimenez,2023-03-22 14:14:51
954,moitoi,2023-03-23 05:45:50
955,epodak,2023-03-23 05:46:31
956,bparbhu,2023-03-23 14:41:34
957,ledmaster,2023-03-26 12:10:23
958,mirguest,2023-03-29 01:09:35
959,alazaydin,2023-03-29 21:18:52
960,ghdolsen,2023-03-30 06:19:27
961,Danialgharaee,2023-03-30 07:49:08
962,piyushathawale,2023-04-03 11:34:38
963,infosmith,2023-04-04 02:48:44
964,sorayuth-pep,2023-04-05 16:54:41
965,red-co,2023-04-09 16:57:14
966,yyimingucl,2023-04-10 15:23:31
967,RankJay,2023-04-13 03:30:53
968,Dhrumil59,2023-04-13 11:47:25
969,NahuelUTNPigui,2023-04-14 15:23:59
970,Lin-Rexter,2023-04-14 15:55:04
971,FakeTrader,2023-04-15 22:30:27
972,hannesdm,2023-04-17 03:24:34
973,gbennett71,2023-04-17 18:27:38
974,uysalserkan,2023-04-19 19:08:46
975,dwinkler1,2023-04-20 05:12:13
976,jxucoder,2023-04-22 23:03:26
977,Mikma03,2023-04-23 07:50:33
978,manulpatel,2023-04-23 19:05:43
979,sagarverma,2023-04-24 09:15:40
980,bernardodionisi,2023-04-26 13:12:18
981,JeffCarpenter,2023-05-04 09:02:12
982,jpohanka,2023-05-05 20:20:06
983,panchouc,2023-05-08 14:52:34
984,kazewaze,2023-05-09 18:36:52
985,kibum97,2023-05-11 07:46:43
986,gettek,2023-05-11 21:53:05
987,atugard,2023-05-13 21:31:37
988,antogerva,2023-05-26 20:29:16
989,pablf,2023-05-27 11:46:04
990,llegomark,2023-06-01 05:53:19
991,horaceg,2023-06-01 13:12:01
992,brandonwillard,2023-06-03 22:13:54
993,wrq,2023-06-04 06:42:00
994,dan-xin,2023-06-04 07:13:51
995,manodeep,2023-06-06 01:59:40
996,aistrych,2023-06-06 11:51:11
997,racalzadilla,2023-06-07 21:18:32
998,RyotaBannai,2023-06-09 13:42:22
999,simon2,2023-06-09 14:51:37
1000,tatakof,2023-06-09 16:38:33
1001,afroserom,2023-06-16 10:47:43
1002,bieli,2023-06-16 14:21:06
1003,istrous,2023-06-18 14:53:21
1004,RespawnNumb1999,2023-06-19 01:50:51
1005,mtabbasi,2023-06-26 18:48:39
1006,sysang,2023-06-30 13:21:15
1007,KBDub,2023-06-30 16:35:12
1008,TheStorybuilder,2023-07-03 00:35:39
1009,i-a-morozov,2023-07-03 09:40:11
1010,lukeconibear,2023-07-08 14:17:11
1011,yujonglee,2023-07-09 10:52:58
1012,otherJL0,2023-07-10 02:17:16
1013,yudukikun5120,2023-07-10 14:54:29
1014,batuhanfaik,2023-07-12 09:00:21
1015,Penguinlay,2023-07-14 00:22:15
1016,bhupendra-bhudia,2023-07-14 06:45:58
1017,Liung,2023-07-16 17:02:07
1018,muddywatr,2023-07-17 09:55:58
1019,harry-urek,2023-07-20 08:03:32
1020,brucethagwana,2023-07-20 12:05:58
1021,mistaro,2023-07-25 10:13:23
1022,jordanmsmith,2023-07-27 04:59:46
1023,swistaczek,2023-07-27 11:12:57
1024,FRaymand,2023-07-27 13:34:09
1025,henryiii,2023-07-27 19:31:58
1026,edxmorgan,2023-08-04 21:20:06
1027,parth-desai,2023-08-05 04:45:31
1028,GStechschulte,2023-08-07 08:38:50
1029,bjklab,2023-08-08 16:01:35
1030,jialin-yu,2023-08-14 22:43:23
1031,ahans30,2023-08-19 00:17:40
1032,DerkKooi,2023-08-19 16:13:29
1033,day253,2023-08-20 13:23:09
1034,jklaise,2023-08-21 11:03:20
1035,A-CGray,2023-08-25 18:36:38
1036,niranjanaryan,2023-08-26 17:47:31
1037,cibernakaq,2023-08-27 02:25:11
1038,hikettei,2023-08-27 10:00:13
1039,vbwanere,2023-08-31 05:01:21
1040,kparikh-tenup,2023-09-01 16:54:21
1041,wooparadog,2023-09-02 06:15:57
1042,ccl0326,2023-09-02 15:55:40
1043,shouao,2023-09-03 09:38:02
1044,m9h,2023-09-05 05:43:48
1045,luclucluca,2023-09-06 04:32:03
1046,kardasbart,2023-09-06 09:06:23
1047,YorkWestenhaver,2023-09-06 16:46:11
1048,tariq-almalki,2023-09-09 14:29:40
1049,denehoffman,2023-09-10 01:47:21
1050,elmokulc,2023-09-11 06:38:55
1051,BlackNurse,2023-09-12 08:39:00
1052,tekknolagi,2023-09-19 17:53:22
1053,ttron,2023-09-21 17:04:39
1054,tbmiller-astro,2023-09-22 00:33:05
1055,reed-cadent,2023-09-22 05:09:24
1056,justheuristic,2023-09-25 18:58:29
1057,flapperz,2023-09-27 10:46:10
1058,pacifikus,2023-09-27 12:31:23
1059,shepardyan,2023-09-28 01:42:37
1060,abcgrant,2023-09-29 07:36:45
1061,rajveer43,2023-09-30 07:54:19
1062,Jemoka,2023-09-30 19:34:37
1063,hsen-dev,2023-10-01 07:05:37
1064,ktthr,2023-10-03 16:10:05
1065,jqueguiner,2023-10-04 14:03:13
1066,MarsMunHay,2023-10-04 17:15:08
1067,themichaelusa,2023-10-11 23:24:15
1068,stellema,2023-10-16 06:27:30
1069,anitan0925,2023-10-18 13:50:59
1070,maulberto3,2023-10-22 01:37:17
1071,kishanshinde,2023-10-25 04:18:59
1072,nikaza,2023-10-26 08:13:12
1073,alvin319,2023-10-26 19:05:45
1074,bestquark,2023-10-26 19:07:22
1075,afondiel,2023-10-28 20:52:24
1076,jesusvilela,2023-11-03 07:35:57
1077,pbarbarant,2023-11-05 04:54:45
1078,mfsen,2023-11-12 19:50:53
1079,rafaelscnunes,2023-11-13 14:55:34
1080,hudson-newey,2023-11-16 02:03:53
1081,pthouvenin,2023-11-17 16:06:31
1082,saforem2,2023-11-21 15:03:06
1083,skukovsky,2023-11-24 10:45:54
1084,MattioCh,2023-11-25 14:13:15
1085,alok,2023-11-25 21:31:05
1086,runinrunin,2023-11-26 21:05:00
1087,poteitoo,2023-11-27 10:16:11
1088,sandeep026,2023-11-27 11:16:22
1089,jiajingk,2023-11-28 04:53:06
1090,Microdeep-ZL,2023-11-30 02:58:59
1091,italanchan,2023-12-04 07:07:55
1092,haiiliin,2023-12-05 04:09:23
1093,owlzhou,2023-12-05 06:17:57
1094,mtk2xfugaku,2023-12-05 09:08:04
1095,enxi14,2023-12-07 19:21:43
1096,nageswarchedella,2023-12-07 19:24:13
1097,EngineeringErgonomics,2023-12-08 08:00:48
1098,Devilinheaven234,2023-12-08 08:33:06
1099,xingjiantian925,2023-12-08 19:08:44
1100,mehdiataei,2023-12-08 21:47:20
1101,sahuno,2023-12-09 21:41:38
1102,joaopedrosdmm,2023-12-10 17:22:35
1103,justforsoy,2023-12-11 13:42:04
1104,Rafaelblsilva,2023-12-13 15:08:43
1105,chrisaguirre3,2023-12-15 22:05:37
1106,jimf99,2023-12-16 23:47:02
1107,Frezyl,2023-12-19 06:15:59
1108,thompson0012,2023-12-20 00:41:19
1109,benlipkin,2023-12-20 18:54:39
1110,chrinide,2023-12-25 00:55:14
